source,destination,distance,travel_class,class_code,train_type,train_type_code,days_ahead,quota,quota_code,fare
JAT,MMCT,401,CC,2,Superfast,2,31,TQ,1,488
CNB,MMCT,1466,1A,6,Passenger,0,54,GN,0,3279
MMCT,SBC,826,EC,5,Passenger,0,3,TQ,1,2147
JAT,HYB,1209,2A,4,Express,1,75,PT,2,3014
NDLS,CSMT,1384,3A,3,Superfast,2,19,TQ,1,2498
HWH,MMCT,539,SL,1,Rajdhani,4,45,PT,2,503
MAS,NDLS,1290,EC,5,Rajdhani,4,118,LD,3,3757
HYB,MAS,1090,EC,5,Duronto,3,90,GN,0,2854
JAT,SBC,942,1A,6,Duronto,3,110,GN,0,3450
MAS,ADI,1097,2A,4,Superfast,2,45,TQ,1,2850
MAS,JAT,496,EC,5,Duronto,3,68,TQ,1,1706
ADI,PNBE,902,CC,2,Passenger,0,28,PT,2,903
NDLS,SBC,415,2S,0,Superfast,2,51,PT,2,170
SBC,MAO,994,2A,4,Express,1,50,LD,3,1734
MAS,CSMT,855,CC,2,Passenger,0,68,PT,2,853
MAO,PNBE,1545,SL,1,Superfast,2,28,TQ,1,968
ADI,MMCT,446,2S,0,Rajdhani,4,19,TQ,1,231
JAT,PNBE,1571,1A,6,Express,1,48,LD,3,4278
MAS,HYB,373,CC,2,Rajdhani,4,87,PT,2,661
JAT,HWH,578,3A,3,Express,1,20,LD,3,705
CNB,MAS,1375,2S,0,Duronto,3,64,GN,0,459
JAT,MAS,1389,EC,5,Duronto,3,19,PT,2,5165
CSMT,HYB,1436,1A,6,Passenger,0,41,LD,3,3219
MMCT,HWH,979,2A,4,Rajdhani,4,30,GN,0,2480
CNB,ADI,491,2S,0,Passenger,0,98,TQ,1,127
JAT,ADI,1475,2A,4,Superfast,2,67,LD,3,2862
SBC,HYB,625,CC,2,Superfast,2,51,PT,2,865
HYB,ADI,597,2A,4,Duronto,3,8,PT,2,2038
MAO,HYB,821,EC,5,Duronto,3,0,GN,0,3023
JAT,NDLS,580,1A,6,Rajdhani,4,110,PT,2,3479
HYB,SBC,625,CC,2,Express,1,27,TQ,1,683
MAO,CNB,1318,2A,4,Express,1,103,LD,3,2229
MMCT,CNB,1232,3A,3,Express,1,52,LD,3,1509
CNB,NDLS,440,1A,6,Express,1,93,PT,2,1838
MMCT,SBC,742,2A,4,Passenger,0,57,TQ,1,1386
CSMT,MAS,1297,2A,4,Rajdhani,4,56,GN,0,3184
JAT,HYB,380,1A,6,Duronto,3,21,LD,3,1393
ADI,SBC,1171,1A,6,Duronto,3,48,GN,0,4205
MAS,ADI,934,SL,1,Passenger,0,84,LD,3,326
SBC,MAS,362,1A,6,Passenger,0,94,GN,0,857
HWH,NDLS,1447,EC,5,Express,1,64,TQ,1,3733
HYB,MMCT,730,1A,6,Passenger,0,8,TQ,1,2364
MMCT,MAO,580,EC,5,Passenger,0,5,GN,0,1203
JAT,MAO,1507,EC,5,Superfast,2,119,PT,2,4975
JAT,HWH,838,3A,3,Express,1,16,PT,2,1515
HWH,MMCT,369,SL,1,Passenger,0,72,GN,0,120
HYB,SBC,625,3A,3,Duronto,3,119,PT,2,1460
MMCT,SBC,1106,3A,3,Duronto,3,56,PT,2,2531
JAT,HYB,366,CC,2,Passenger,0,38,GN,0,265
CSMT,MAS,586,1A,6,Passenger,0,19,PT,2,1990
MAO,SBC,1052,2A,4,Superfast,2,64,LD,3,2102
NDLS,MMCT,1384,2S,0,Superfast,2,5,GN,0,488
CSMT,JAT,886,2A,4,Express,1,70,LD,3,1558
NDLS,MMCT,1384,CC,2,Duronto,3,69,GN,0,1429
HWH,MAO,1481,2A,4,Express,1,16,GN,0,2479
HWH,NDLS,1447,2A,4,Duronto,3,85,GN,0,3110
HYB,PNBE,666,2A,4,Duronto,3,102,TQ,1,1959
PNBE,NDLS,998,CC,2,Superfast,2,100,LD,3,964
JAT,SBC,896,2A,4,Rajdhani,4,48,GN,0,2293
ADI,SBC,758,2S,0,Express,1,44,PT,2,302
SBC,CNB,398,CC,2,Duronto,3,51,PT,2,606
MMCT,MAS,1069,CC,2,Passenger,0,51,PT,2,1063
NDLS,MMCT,1384,2A,4,Passenger,0,33,GN,0,1905
MAO,PNBE,1057,CC,2,Superfast,2,55,GN,0,1001
MAO,SBC,871,1A,6,Express,1,0,TQ,1,4188
PNBE,MMCT,1026,EC,5,Superfast,2,84,GN,0,2452
MAS,HYB,983,CC,2,Express,1,41,LD,3,825
MAS,HYB,610,2A,4,Express,1,85,LD,3,1077
CNB,CSMT,1515,3A,3,Express,1,70,GN,0,1797
MAS,SBC,362,2S,0,Passenger,0,77,PT,2,120
ADI,CNB,787,EC,5,Express,1,101,TQ,1,2132
MMCT,MAS,1405,CC,2,Passenger,0,42,GN,0,932
SBC,JAT,985,2A,4,Duronto,3,18,GN,0,2199
SBC,ADI,499,SL,1,Express,1,113,TQ,1,293
CNB,PNBE,1362,SL,1,Duronto,3,18,GN,0,753
MMCT,PNBE,798,2A,4,Passenger,0,59,GN,0,1151
SBC,MMCT,1284,2A,4,Express,1,85,PT,2,3185
ADI,MAO,1383,SL,1,Passenger,0,57,TQ,1,633
ADI,CNB,880,2S,0,Duronto,3,107,PT,2,440
HYB,ADI,839,3A,3,Express,1,9,PT,2,1593
MAS,HWH,1660,EC,5,Rajdhani,4,17,TQ,1,6145
PNBE,CSMT,788,1A,6,Express,1,52,PT,2,3276
ADI,PNBE,477,2A,4,Express,1,49,GN,0,850
MAO,PNBE,1326,1A,6,Superfast,2,38,LD,3,4234
PNBE,HYB,1468,2S,0,Passenger,0,114,TQ,1,395
SBC,MAS,362,SL,1,Rajdhani,4,49,PT,2,341
JAT,PNBE,688,2S,0,Express,1,117,TQ,1,241
HYB,NDLS,1156,EC,5,Passenger,0,84,GN,0,1921
JAT,PNBE,627,2S,0,Express,1,23,GN,0,159
PNBE,HWH,532,SL,1,Superfast,2,43,LD,3,262
PNBE,MAS,517,SL,1,Rajdhani,4,95,GN,0,344
HWH,SBC,490,2S,0,Rajdhani,4,96,GN,0,203
SBC,CNB,391,EC,5,Duronto,3,30,TQ,1,1352
JAT,MMCT,1505,2A,4,Express,1,89,PT,2,3664
HWH,CSMT,1590,EC,5,Rajdhani,4,99,TQ,1,5931
MAS,MMCT,1535,1A,6,Superfast,2,73,LD,3,4812
CNB,SBC,505,EC,5,Duronto,3,13,PT,2,2068
JAT,MAO,597,2S,0,Passenger,0,100,GN,0,126
HYB,PNBE,1108,1A,6,Passenger,0,82,PT,2,3709
PNBE,ADI,566,SL,1,Superfast,2,81,LD,3,293
CSMT,PNBE,710,CC,2,Passenger,0,83,PT,2,705
HYB,ADI,1302,SL,1,Passenger,0,34,PT,2,672
SBC,MMCT,921,SL,1,Duronto,3,96,LD,3,521
MAO,JAT,1126,3A,3,Rajdhani,4,63,PT,2,2898
ADI,SBC,1076,2S,0,Superfast,2,43,PT,2,483
MAO,MAS,1488,1A,6,Passenger,0,24,GN,0,3330
CNB,PNBE,1350,EC,5,Duronto,3,88,LD,3,3470
CNB,ADI,1267,2S,0,Rajdhani,4,11,PT,2,713
PNBE,SBC,977,CC,2,Passenger,0,47,LD,3,669
HYB,HWH,1221,CC,2,Passenger,0,42,PT,2,1184
ADI,MAS,977,3A,3,Duronto,3,15,TQ,1,2149
MMCT,HYB,729,2A,4,Duronto,3,94,LD,3,1631
CNB,MAO,1424,EC,5,Superfast,2,12,TQ,1,4502
SBC,HWH,717,3A,3,Rajdhani,4,90,TQ,1,1678
NDLS,CNB,440,3A,3,Duronto,3,81,LD,3,690
NDLS,MAO,932,SL,1,Express,1,56,PT,2,584
NDLS,MAS,1328,1A,6,Rajdhani,4,51,LD,3,5317
MAO,JAT,459,2A,4,Duronto,3,103,PT,2,1482
SBC,MMCT,1492,2S,0,Express,1,77,TQ,1,498
HYB,PNBE,1272,SL,1,Superfast,2,110,LD,3,619
MAO,CNB,473,EC,5,Rajdhani,4,97,TQ,1,1858
SBC,MAS,362,2A,4,Duronto,3,22,GN,0,803
NDLS,PNBE,998,CC,2,Passenger,0,60,PT,2,973
SBC,MAS,362,CC,2,Express,1,9,TQ,1,429
MAS,JAT,1557,CC,2,Duronto,3,54,GN,0,1579
SBC,JAT,655,3A,3,Duronto,3,9,GN,0,1120
MAS,MAO,1515,3A,3,Express,1,15,LD,3,1954
MAS,PNBE,907,EC,5,Passenger,0,63,LD,3,1534
MAO,NDLS,1234,CC,2,Superfast,2,77,PT,2,1652
MMCT,SBC,1528,EC,5,Rajdhani,4,97,PT,2,6368
NDLS,CSMT,1384,EC,5,Express,1,117,PT,2,4005
MAO,PNBE,1357,1A,6,Express,1,44,LD,3,3742
HWH,JAT,564,2S,0,Duronto,3,42,LD,3,197
ADI,MAS,1170,2S,0,Passenger,0,4,LD,3,291
HWH,MAS,1660,1A,6,Express,1,110,GN,0,4503
HYB,ADI,1196,1A,6,Duronto,3,66,PT,2,6219
ADI,JAT,1255,2S,0,Rajdhani,4,26,PT,2,679
CSMT,MAS,1247,CC,2,Express,1,15,GN,0,1095
MAO,SBC,674,3A,3,Passenger,0,1,LD,3,939
SBC,MMCT,1295,1A,6,Duronto,3,63,PT,2,6671
CNB,MAS,1200,2S,0,Express,1,60,TQ,1,402
HYB,CSMT,1135,2A,4,Passenger,0,65,TQ,1,2102
MMCT,MAS,1199,3A,3,Passenger,0,34,GN,0,1193
CNB,MAS,1552,EC,5,Express,1,110,TQ,1,3990
HYB,ADI,1056,3A,3,Passenger,0,97,LD,3,1071
HWH,SBC,839,EC,5,Express,1,29,LD,3,1730
HWH,ADI,1130,SL,1,Duronto,3,63,GN,0,615
HYB,MAO,1029,2S,0,Rajdhani,4,111,LD,3,380
HYB,ADI,381,CC,2,Duronto,3,52,TQ,1,515
ADI,MAS,1043,EC,5,Express,1,83,GN,0,2168
HWH,JAT,1442,SL,1,Superfast,2,80,LD,3,711
HYB,NDLS,490,2A,4,Superfast,2,29,GN,0,988
MMCT,JAT,555,SL,1,Duronto,3,88,PT,2,465
NDLS,CNB,440,2S,0,Rajdhani,4,37,PT,2,241
PNBE,CSMT,850,EC,5,Express,1,72,TQ,1,2287
CSMT,MMCT,1598,2S,0,Express,1,79,TQ,1,520
MAO,CSMT,580,SL,1,Superfast,2,58,PT,2,431
NDLS,ADI,934,CC,2,Passenger,0,20,GN,0,636
HWH,MAO,962,CC,2,Express,1,88,PT,2,1159
MAS,SBC,362,2S,0,Express,1,13,TQ,1,128
MAO,HWH,1527,3A,3,Superfast,2,2,LD,3,2873
NDLS,MAO,450,EC,5,Express,1,106,PT,2,1366
SBC,MAO,1071,2A,4,Duronto,3,79,PT,2,3464
CNB,JAT,630,CC,2,Rajdhani,4,115,GN,0,753
ADI,NDLS,934,3A,3,Duronto,3,11,PT,2,2277
CNB,PNBE,709,2A,4,Duronto,3,100,PT,2,2311
HYB,MAS,686,3A,3,Express,1,103,PT,2,1249
HWH,MMCT,1309,1A,6,Duronto,3,96,TQ,1,6050
JAT,CNB,1163,2S,0,Passenger,0,46,GN,0,257
PNBE,NDLS,998,EC,5,Rajdhani,4,58,PT,2,4368
CNB,JAT,886,EC,5,Express,1,105,PT,2,2658
JAT,SBC,1315,1A,6,Passenger,0,113,PT,2,4347
MAO,SBC,479,CC,2,Express,1,116,PT,2,584
PNBE,MMCT,636,1A,6,Rajdhani,4,38,LD,3,2630
MMCT,SBC,1450,2A,4,Express,1,58,PT,2,3541
CNB,HYB,1208,EC,5,Duronto,3,113,LD,3,3145
MMCT,ADI,1185,3A,3,Rajdhani,4,88,PT,2,3033
ADI,CNB,833,2S,0,Superfast,2,12,PT,2,389
JAT,HWH,474,SL,1,Superfast,2,24,GN,0,255
ADI,MMCT,784,CC,2,Passenger,0,2,GN,0,747
HWH,SBC,607,2S,0,Passenger,0,26,GN,0,142
HYB,SBC,625,2A,4,Duronto,3,42,TQ,1,1836
MAO,NDLS,917,2S,0,Duronto,3,16,PT,2,458
CSMT,MMCT,402,2A,4,Rajdhani,4,45,TQ,1,1333
HWH,NDLS,1447,3A,3,Rajdhani,4,16,LD,3,2508
MMCT,CNB,1325,SL,1,Superfast,2,65,GN,0,648
HYB,SBC,625,CC,2,Passenger,0,38,LD,3,431
NDLS,CNB,440,2S,0,Express,1,54,GN,0,120
CNB,ADI,500,1A,6,Superfast,2,77,TQ,1,2129
CSMT,MAS,1548,EC,5,Superfast,2,48,PT,2,5105
HYB,MAO,1231,1A,6,Rajdhani,4,109,TQ,1,6475
ADI,SBC,1197,3A,3,Express,1,51,LD,3,1468
MMCT,HWH,1224,3A,3,Superfast,2,47,TQ,1,2231
ADI,MMCT,536,2S,0,Rajdhani,4,11,LD,3,209
CNB,HWH,1007,EC,5,Rajdhani,4,75,PT,2,4404
MMCT,PNBE,1074,2S,0,Express,1,111,GN,0,296
MAS,MAO,989,3A,3,Rajdhani,4,73,TQ,1,2314
JAT,ADI,809,2S,0,Rajdhani,4,44,PT,2,438
MAS,MAO,813,2S,0,Express,1,108,GN,0,219
JAT,MAS,409,2A,4,Superfast,2,89,PT,2,1211
HWH,CNB,1007,2A,4,Duronto,3,72,LD,3,2248
CSMT,JAT,412,1A,6,Passenger,0,27,LD,3,965
ADI,HWH,672,3A,3,Superfast,2,92,PT,2,1407
MAO,CNB,523,1A,6,Duronto,3,20,GN,0,1923
MMCT,MAS,1257,CC,2,Express,1,62,LD,3,1014
MAS,SBC,362,1A,6,Superfast,2,55,GN,0,1186
JAT,CNB,1564,SL,1,Passenger,0,85,PT,2,763
SBC,PNBE,1577,1A,6,Rajdhani,4,26,PT,2,9038
SBC,CSMT,873,3A,3,Superfast,2,15,GN,0,1352
CNB,PNBE,709,2A,4,Express,1,68,TQ,1,1619
HYB,JAT,1075,1A,6,Express,1,110,GN,0,3047
NDLS,ADI,934,2S,0,Superfast,2,73,LD,3,287
PNBE,JAT,1205,3A,3,Rajdhani,4,51,GN,0,2144
HWH,CSMT,1292,2S,0,Superfast,2,11,LD,3,422
MMCT,SBC,1242,EC,5,Express,1,67,GN,0,2511
MAS,HWH,1660,3A,3,Duronto,3,9,GN,0,2709
HYB,SBC,625,3A,3,Duronto,3,30,GN,0,987
MAS,SBC,362,EC,5,Duronto,3,97,GN,0,953
JAT,ADI,1300,2S,0,Passenger,0,97,LD,3,279
MAO,JAT,1011,2S,0,Superfast,2,19,LD,3,293
ADI,CNB,970,2S,0,Superfast,2,75,GN,0,291
HYB,MMCT,985,SL,1,Express,1,4,GN,0,524
MAS,MMCT,534,EC,5,Passenger,0,64,LD,3,909
MAO,HYB,434,SL,1,Passenger,0,83,TQ,1,199
MAO,ADI,1376,2A,4,Rajdhani,4,57,GN,0,3383
HWH,MMCT,1383,CC,2,Duronto,3,5,TQ,1,2162
ADI,CNB,1423,EC,5,Passenger,0,20,PT,2,3372
MAS,PNBE,1187,2S,0,Superfast,2,86,GN,0,363
JAT,CNB,1035,1A,6,Superfast,2,12,LD,3,3660
MAS,JAT,1584,2S,0,Duronto,3,42,GN,0,511
JAT,CSMT,1066,3A,3,Express,1,16,GN,0,1313
HYB,PNBE,1022,2S,0,Duronto,3,85,GN,0,349
JAT,PNBE,1391,3A,3,Rajdhani,4,46,PT,2,3499
SBC,HWH,1345,2A,4,Duronto,3,17,TQ,1,3779
MAS,MMCT,1389,2S,0,Passenger,0,106,GN,0,295
HWH,MAO,618,EC,5,Express,1,19,TQ,1,1661
CNB,MAO,689,CC,2,Express,1,5,LD,3,695
JAT,SBC,1259,EC,5,Superfast,2,96,LD,3,2917
HYB,SBC,625,2S,0,Express,1,115,TQ,1,211
JAT,MAO,1252,SL,1,Superfast,2,99,LD,3,617
HYB,PNBE,681,2S,0,Duronto,3,102,TQ,1,311
MAS,NDLS,1334,2S,0,Superfast,2,70,GN,0,398
HYB,MMCT,933,1A,6,Duronto,3,34,LD,3,3434
HYB,CSMT,1245,1A,6,Duronto,3,104,LD,3,4456
HWH,NDLS,1447,1A,6,Express,1,64,PT,2,5748
PNBE,MMCT,1117,2A,4,Rajdhani,4,40,GN,0,2813
CNB,JAT,1036,2S,0,Duronto,3,17,GN,0,343
ADI,CSMT,1310,SL,1,Passenger,0,0,GN,0,617
MAS,SBC,362,EC,5,Passenger,0,67,LD,3,604
MAS,SBC,362,1A,6,Rajdhani,4,30,LD,3,1509
MAO,ADI,478,1A,6,Express,1,76,GN,0,1374
HYB,MAO,845,CC,2,Duronto,3,37,LD,3,885
MAO,HWH,842,EC,5,Express,1,23,GN,0,1751
HWH,MMCT,1427,EC,5,Passenger,0,100,GN,0,2330
ADI,NDLS,934,3A,3,Superfast,2,95,GN,0,1336
MMCT,HWH,843,CC,2,Rajdhani,4,98,PT,2,1463
NDLS,HWH,1447,3A,3,Duronto,3,106,LD,3,2220
ADI,JAT,723,2S,0,Duronto,3,8,LD,3,250
MAS,SBC,362,2S,0,Duronto,3,113,GN,0,120
MAS,HYB,1165,2S,0,Passenger,0,60,PT,2,346
JAT,SBC,935,3A,3,Rajdhani,4,110,PT,2,2444
MMCT,HWH,1244,SL,1,Express,1,114,LD,3,528
CSMT,ADI,1368,3A,3,Passenger,0,34,GN,0,1356
PNBE,MMCT,1231,EC,5,Duronto,3,69,PT,2,4623
MMCT,CNB,1021,CC,2,Superfast,2,39,LD,3,977
CNB,PNBE,691,CC,2,Express,1,44,LD,3,560
CNB,HWH,1007,3A,3,Rajdhani,4,9,LD,3,1962
HYB,JAT,677,1A,6,Duronto,3,108,LD,3,2468
CSMT,MMCT,833,2S,0,Superfast,2,46,LD,3,268
MAO,NDLS,1589,2A,4,Express,1,47,PT,2,3840
MMCT,MAO,580,EC,5,Superfast,2,50,PT,2,2015
MAS,SBC,362,1A,6,Duronto,3,63,LD,3,1341
HYB,MMCT,886,2S,0,Superfast,2,90,LD,3,260
MAO,MAS,1355,2A,4,Rajdhani,4,17,GN,0,3325
CSMT,ADI,529,2S,0,Superfast,2,85,PT,2,240
MMCT,HYB,1460,3A,3,Superfast,2,108,TQ,1,2613
CNB,JAT,706,2S,0,Superfast,2,65,TQ,1,267
SBC,CSMT,834,2S,0,Express,1,3,PT,2,369
MAO,HWH,1307,2S,0,Passenger,0,16,GN,0,261
MAS,PNBE,1330,EC,5,Express,1,98,LD,3,2682
MAO,MMCT,580,3A,3,Rajdhani,4,57,LD,3,1055
HYB,HWH,612,2S,0,Passenger,0,81,TQ,1,181
CSMT,PNBE,1379,2S,0,Rajdhani,4,106,GN,0,509
CSMT,MAS,687,2A,4,Superfast,2,119,TQ,1,1799
HYB,MAS,511,3A,3,Duronto,3,81,PT,2,1172
JAT,MAS,1442,1A,6,Passenger,0,82,TQ,1,4222
MAO,CSMT,580,CC,2,Passenger,0,92,PT,2,583
MAO,NDLS,408,1A,6,Rajdhani,4,82,PT,2,2462
SBC,MAO,1203,EC,5,Rajdhani,4,63,PT,2,5142
MAS,ADI,851,2S,0,Express,1,38,LD,3,211
CNB,NDLS,440,SL,1,Express,1,61,LD,3,185
HWH,MAO,644,3A,3,Superfast,2,93,PT,2,1336
CSMT,HWH,1404,EC,5,Rajdhani,4,40,TQ,1,5286
MMCT,MAS,1270,2A,4,Duronto,3,12,GN,0,2988
PNBE,MAO,1206,2A,4,Duronto,3,104,PT,2,3852
MAO,HWH,738,2S,0,Duronto,3,63,LD,3,250
MAS,ADI,397,1A,6,Express,1,64,LD,3,1152
SBC,CNB,1544,3A,3,Rajdhani,4,6,PT,2,4439
MAO,JAT,1313,3A,3,Passenger,0,1,GN,0,1791
CSMT,MAS,1099,2S,0,Express,1,46,GN,0,284
NDLS,MAO,1500,2A,4,Superfast,2,70,PT,2,4179
PNBE,HYB,1272,2S,0,Passenger,0,35,GN,0,256
MMCT,PNBE,1114,2S,0,Superfast,2,71,PT,2,492
CSMT,SBC,1583,EC,5,Express,1,64,GN,0,3112
NDLS,CSMT,1384,2S,0,Express,1,66,LD,3,341
MAO,HYB,636,3A,3,Passenger,0,40,TQ,1,843
MAO,MAS,1565,3A,3,Passenger,0,106,LD,3,1529
MAO,MAS,1322,2S,0,Rajdhani,4,47,PT,2,715
MMCT,PNBE,1545,3A,3,Rajdhani,4,76,LD,3,2653
JAT,MAO,1532,2A,4,Rajdhani,4,74,LD,3,3705
HYB,JAT,1128,2A,4,Duronto,3,4,GN,0,3036
NDLS,ADI,934,SL,1,Duronto,3,52,TQ,1,682
HYB,MAO,1315,2S,0,Rajdhani,4,90,TQ,1,634
SBC,HYB,625,CC,2,Express,1,67,LD,3,515
CSMT,ADI,1441,3A,3,Passenger,0,45,PT,2,2054
ADI,SBC,854,3A,3,Passenger,0,38,TQ,1,1151
MAS,CNB,774,CC,2,Express,1,40,LD,3,640
HYB,MAS,939,1A,6,Passenger,0,86,LD,3,2218
PNBE,HWH,532,3A,3,Rajdhani,4,36,GN,0,958
ADI,JAT,875,CC,2,Express,1,27,TQ,1,957
HYB,MAS,1501,CC,2,Superfast,2,17,GN,0,1374
CNB,MAO,840,2A,4,Rajdhani,4,85,TQ,1,2785
SBC,NDLS,555,SL,1,Superfast,2,91,LD,3,269
JAT,CSMT,360,EC,5,Duronto,3,52,LD,3,958
JAT,SBC,938,3A,3,Superfast,2,82,GN,0,1360
MMCT,JAT,1525,2A,4,Passenger,0,94,GN,0,2107
CSMT,PNBE,710,1A,6,Express,1,100,LD,3,2023
CNB,MAS,426,1A,6,Superfast,2,72,GN,0,1417
HWH,MAS,1660,CC,2,Passenger,0,67,LD,3,1084
CSMT,HYB,1308,3A,3,Duronto,3,103,GN,0,2016
CSMT,ADI,876,CC,2,Duronto,3,1,PT,2,1716
MAS,MAO,745,2A,4,Passenger,0,109,LD,3,1084
PNBE,HYB,1021,1A,6,Express,1,85,GN,0,2906
CSMT,ADI,1012,2A,4,Rajdhani,4,33,LD,3,2564
ADI,MAS,1025,3A,3,Passenger,0,92,GN,0,1039
JAT,HWH,833,1A,6,Rajdhani,4,59,PT,2,5007
PNBE,JAT,1379,CC,2,Superfast,2,88,GN,0,1274
MAS,HWH,1660,2A,4,Duronto,3,61,TQ,1,4585
CNB,MAO,1115,SL,1,Passenger,0,116,LD,3,406
HYB,JAT,797,2S,0,Duronto,3,87,GN,0,271
ADI,HYB,1090,1A,6,Passenger,0,14,GN,0,2745
HYB,CNB,764,EC,5,Passenger,0,19,TQ,1,1688
HYB,ADI,588,CC,2,Duronto,3,91,LD,3,613
HYB,ADI,463,SL,1,Duronto,3,65,LD,3,260
MAO,NDLS,1494,SL,1,Superfast,2,92,GN,0,719
MAS,NDLS,796,EC,5,Rajdhani,4,5,LD,3,2923
CNB,MMCT,1458,1A,6,Rajdhani,4,119,LD,3,5782
MAS,PNBE,718,2S,0,Duronto,3,98,LD,3,239
PNBE,ADI,1123,SL,1,Rajdhani,4,87,TQ,1,923
HWH,MMCT,715,EC,5,Express,1,67,TQ,1,1941
SBC,NDLS,396,3A,3,Express,1,86,LD,3,496
PNBE,SBC,856,SL,1,Superfast,2,19,PT,2,619
CNB,MMCT,415,2S,0,Express,1,78,GN,0,120
SBC,MMCT,556,EC,5,Rajdhani,4,57,GN,0,1669
CNB,NDLS,440,SL,1,Duronto,3,69,TQ,1,331
NDLS,CSMT,1384,3A,3,Duronto,3,104,PT,2,3086
MAO,JAT,1006,2A,4,Superfast,2,112,TQ,1,2644
HYB,SBC,625,3A,3,Superfast,2,7,TQ,1,1243
JAT,PNBE,1488,SL,1,Rajdhani,4,44,LD,3,916
HYB,HWH,1202,SL,1,Duronto,3,38,LD,3,652
HYB,ADI,843,2S,0,Duronto,3,38,TQ,1,381
ADI,NDLS,934,SL,1,Express,1,71,TQ,1,531
SBC,MAS,362,3A,3,Rajdhani,4,118,LD,3,666
HWH,MMCT,1446,CC,2,Duronto,3,6,PT,2,2459
JAT,MAO,1584,1A,6,Rajdhani,4,24,TQ,1,8123
SBC,HWH,970,1A,6,Duronto,3,119,TQ,1,4638
CNB,MMCT,1330,2A,4,Passenger,0,90,TQ,1,2400
SBC,HYB,625,2S,0,Superfast,2,48,LD,3,192
JAT,HWH,981,3A,3,Superfast,2,65,LD,3,1407
MMCT,ADI,1005,2A,4,Superfast,2,40,LD,3,2014
MAO,SBC,648,1A,6,Superfast,2,70,LD,3,2129
CSMT,SBC,1025,2A,4,Express,1,72,TQ,1,2333
HYB,JAT,1041,3A,3,Express,1,92,LD,3,1291
CSMT,HWH,696,2A,4,Passenger,0,62,TQ,1,1316
HYB,JAT,470,EC,5,Rajdhani,4,107,GN,0,1433
JAT,NDLS,580,SL,1,Duronto,3,107,TQ,1,411
CNB,CSMT,368,2A,4,Passenger,0,58,PT,2,755
MAO,JAT,1339,CC,2,Express,1,2,GN,0,1486
HYB,PNBE,374,1A,6,Passenger,0,92,PT,2,1277
MAS,NDLS,1378,2S,0,Express,1,103,TQ,1,444
MMCT,HYB,654,2A,4,Duronto,3,79,PT,2,2143
HWH,MAS,1660,1A,6,Superfast,2,51,LD,3,5175
SBC,CNB,964,CC,2,Rajdhani,4,83,GN,0,1149
PNBE,CNB,1122,EC,5,Express,1,7,GN,0,2488
CSMT,MMCT,1373,2S,0,Express,1,82,PT,2,509
MMCT,HYB,437,2A,4,Duronto,3,115,LD,3,975
NDLS,MMCT,1384,EC,5,Passenger,0,84,GN,0,2260
HWH,NDLS,1447,EC,5,Duronto,3,96,LD,3,3703
MMCT,MAS,682,EC,5,Duronto,3,72,LD,3,1820
HYB,HWH,1136,2S,0,Duronto,3,101,GN,0,379
CNB,HWH,1007,1A,6,Express,1,29,GN,0,2877
MAO,CNB,1569,SL,1,Superfast,2,3,PT,2,1269
ADI,CNB,817,3A,3,Passenger,0,120,LD,3,833
CSMT,JAT,1549,CC,2,Express,1,10,PT,2,1886
SBC,MMCT,518,3A,3,Duronto,3,48,TQ,1,1083
PNBE,HWH,532,1A,6,Rajdhani,4,0,PT,2,4041
HWH,MAS,1660,2A,4,Rajdhani,4,23,LD,3,3996
HYB,CNB,1399,SL,1,Rajdhani,4,3,GN,0,1043
HYB,MMCT,1572,EC,5,Superfast,2,110,LD,3,3556
MAS,PNBE,1144,2S,0,Rajdhani,4,92,TQ,1,563
HYB,CSMT,1129,2A,4,Duronto,3,34,PT,2,3615
ADI,CSMT,479,2A,4,Express,1,35,LD,3,835
ADI,MMCT,1089,3A,3,Duronto,3,92,LD,3,1724
MAO,SBC,1287,1A,6,Duronto,3,38,GN,0,4590
PNBE,HWH,532,2S,0,Superfast,2,56,PT,2,231
JAT,MAO,628,3A,3,Superfast,2,77,TQ,1,1171
HWH,CSMT,1165,3A,3,Superfast,2,94,LD,3,1654
MAO,SBC,1017,SL,1,Superfast,2,104,LD,3,509
MMCT,MAO,580,EC,5,Passenger,0,23,GN,0,1003
CNB,ADI,779,SL,1,Superfast,2,106,GN,0,405
PNBE,JAT,1372,2A,4,Superfast,2,30,PT,2,3873
CSMT,PNBE,1122,1A,6,Express,1,76,LD,3,3169
PNBE,HYB,1387,2S,0,Express,1,69,GN,0,362
HWH,HYB,1566,CC,2,Rajdhani,4,13,TQ,1,2484
JAT,HWH,690,CC,2,Passenger,0,5,LD,3,590
HWH,PNBE,532,1A,6,Rajdhani,4,33,TQ,1,2873
CNB,HYB,1492,EC,5,Passenger,0,28,LD,3,2426
PNBE,ADI,1555,CC,2,Passenger,0,19,PT,2,1448
ADI,MMCT,955,SL,1,Rajdhani,4,14,TQ,1,836
MAS,HWH,1660,2S,0,Duronto,3,66,LD,3,527
ADI,MMCT,1247,CC,2,Express,1,40,GN,0,1003
NDLS,MMCT,1384,2S,0,Superfast,2,82,GN,0,410
CSMT,SBC,1406,2A,4,Passenger,0,20,PT,2,2820
PNBE,ADI,824,2S,0,Express,1,80,TQ,1,273
JAT,CNB,1235,SL,1,Rajdhani,4,94,TQ,1,996
MAO,PNBE,1146,1A,6,Duronto,3,26,PT,2,5995
CNB,MMCT,1532,1A,6,Passenger,0,23,PT,2,4966
SBC,ADI,583,3A,3,Express,1,67,PT,2,1059
PNBE,MAO,1153,EC,5,Rajdhani,4,44,PT,2,4960
ADI,MAO,703,2S,0,Superfast,2,117,GN,0,219
CSMT,HWH,591,2A,4,Superfast,2,14,TQ,1,1642
CNB,CSMT,1396,SL,1,Express,1,76,TQ,1,770
PNBE,CNB,730,SL,1,Passenger,0,88,TQ,1,344
CSMT,ADI,941,2A,4,Duronto,3,40,LD,3,2119
NDLS,HWH,1447,SL,1,Duronto,3,24,LD,3,796
HYB,CNB,1363,SL,1,Express,1,53,LD,3,578
CSMT,MMCT,1507,1A,6,Duronto,3,37,GN,0,5265
SBC,HYB,625,2A,4,Express,1,72,LD,3,1099
HYB,MMCT,1522,1A,6,Superfast,2,99,PT,2,6931
NDLS,ADI,934,2A,4,Express,1,13,TQ,1,2258
NDLS,ADI,934,3A,3,Rajdhani,4,56,GN,0,1698
SBC,CNB,1554,CC,2,Superfast,2,110,LD,3,1404
MAO,CSMT,580,2S,0,Duronto,3,103,GN,0,199
HWH,HYB,925,EC,5,Passenger,0,21,PT,2,2294
MAS,CNB,1522,3A,3,Passenger,0,115,GN,0,1473
PNBE,NDLS,998,2S,0,Duronto,3,89,TQ,1,430
CSMT,HWH,856,2S,0,Express,1,62,TQ,1,297
JAT,MAS,1198,SL,1,Express,1,9,GN,0,553
HYB,MAS,1105,SL,1,Express,1,41,GN,0,492
CNB,MMCT,1288,CC,2,Superfast,2,108,GN,0,1204
HYB,PNBE,796,SL,1,Duronto,3,63,PT,2,645
MAS,HWH,1660,EC,5,Duronto,3,72,LD,3,4188
HWH,JAT,449,1A,6,Rajdhani,4,80,LD,3,1851
MMCT,CSMT,1253,SL,1,Rajdhani,4,54,TQ,1,1017
CSMT,JAT,968,2A,4,Superfast,2,11,PT,2,2982
MMCT,HWH,688,1A,6,Express,1,80,PT,2,2866
CNB,SBC,1229,CC,2,Rajdhani,4,90,GN,0,1430
SBC,ADI,509,2A,4,Passenger,0,28,LD,3,718
NDLS,HWH,1447,2S,0,Express,1,88,TQ,1,476
MMCT,SBC,1134,1A,6,Rajdhani,4,13,PT,2,7086
MAS,CSMT,1133,2S,0,Duronto,3,82,TQ,1,477
HYB,MAO,367,EC,5,Duronto,3,56,PT,2,1423
SBC,JAT,660,SL,1,Passenger,0,87,LD,3,250
SBC,MMCT,555,2A,4,Rajdhani,4,75,LD,3,1408
PNBE,HWH,532,2A,4,Superfast,2,82,GN,0,1066
HYB,MAO,1578,CC,2,Passenger,0,36,GN,0,1035
JAT,MAS,770,EC,5,Passenger,0,65,TQ,1,1714
PNBE,MAS,461,2S,0,Duronto,3,63,LD,3,144
SBC,ADI,1566,1A,6,Passenger,0,113,GN,0,3492
HWH,CSMT,1142,2S,0,Passenger,0,53,PT,2,354
JAT,CSMT,1314,2S,0,Rajdhani,4,2,GN,0,656
MAS,SBC,362,1A,6,Express,1,64,PT,2,1508
CNB,HYB,1200,SL,1,Express,1,10,TQ,1,705
MMCT,MAS,511,EC,5,Duronto,3,103,TQ,1,1769
HWH,PNBE,532,CC,2,Rajdhani,4,39,LD,3,650
SBC,NDLS,850,1A,6,Express,1,14,LD,3,2634
MAO,NDLS,983,CC,2,Duronto,3,15,GN,0,1138
CSMT,NDLS,1384,SL,1,Superfast,2,66,PT,2,967
HWH,CSMT,900,CC,2,Rajdhani,4,98,GN,0,1081
PNBE,MAS,1422,1A,6,Superfast,2,91,GN,0,4494
ADI,HYB,1087,1A,6,Express,1,109,TQ,1,4000
CSMT,MAS,560,EC,5,Rajdhani,4,29,GN,0,1673
NDLS,SBC,444,SL,1,Superfast,2,49,TQ,1,281
NDLS,HYB,1208,2A,4,Superfast,2,31,LD,3,2395
CNB,HWH,1007,2S,0,Rajdhani,4,73,PT,2,546
HYB,JAT,457,2A,4,Duronto,3,102,GN,0,1042
PNBE,MMCT,1302,2S,0,Superfast,2,99,PT,2,550
MMCT,HYB,1285,1A,6,Superfast,2,25,PT,2,5954
MAS,MAO,846,SL,1,Superfast,2,75,LD,3,437
SBC,HYB,625,2A,4,Rajdhani,4,119,LD,3,1576
SBC,HYB,625,CC,2,Rajdhani,4,42,GN,0,763
JAT,PNBE,979,1A,6,Duronto,3,67,TQ,1,4665
ADI,NDLS,934,CC,2,Superfast,2,11,GN,0,979
SBC,HYB,625,CC,2,Superfast,2,58,GN,0,600
MMCT,HYB,623,CC,2,Express,1,9,GN,0,557
JAT,CSMT,834,3A,3,Superfast,2,108,PT,2,1749
PNBE,HWH,532,SL,1,Superfast,2,29,GN,0,284
SBC,CSMT,1547,1A,6,Duronto,3,13,TQ,1,7450
ADI,HWH,1182,1A,6,Passenger,0,45,TQ,1,3531
MAS,ADI,892,2S,0,Rajdhani,4,11,TQ,1,481
JAT,MAS,1585,1A,6,Duronto,3,106,PT,2,7991
MMCT,SBC,1078,SL,1,Passenger,0,6,PT,2,636
CSMT,NDLS,1384,2S,0,Express,1,71,TQ,1,446
ADI,MMCT,636,1A,6,Rajdhani,4,7,TQ,1,3635
SBC,PNBE,1112,CC,2,Rajdhani,4,74,PT,2,1932
MMCT,NDLS,1384,2A,4,Express,1,103,TQ,1,3027
HWH,MMCT,437,SL,1,Rajdhani,4,21,LD,3,290
CNB,PNBE,1366,1A,6,Express,1,87,LD,3,3760
HWH,SBC,733,3A,3,Superfast,2,57,TQ,1,1354
MAO,CNB,853,CC,2,Superfast,2,63,LD,3,829
HYB,ADI,474,1A,6,Superfast,2,49,TQ,1,2028
SBC,JAT,1426,2A,4,Passenger,0,101,GN,0,1967
CNB,HWH,1007,EC,5,Express,1,44,PT,2,3029
MAS,CSMT,403,3A,3,Passenger,0,28,GN,0,425
MAS,NDLS,1316,EC,5,Superfast,2,98,TQ,1,3945
MMCT,SBC,843,3A,3,Passenger,0,104,GN,0,871
SBC,MAO,1145,3A,3,Duronto,3,22,TQ,1,2338
HWH,CNB,1007,1A,6,Superfast,2,72,TQ,1,4312
SBC,ADI,1460,3A,3,Duronto,3,62,GN,0,2218
NDLS,SBC,1582,2A,4,Rajdhani,4,67,LD,3,3810
HWH,MAO,762,2S,0,Duronto,3,43,TQ,1,348
HWH,NDLS,1447,2A,4,Passenger,0,90,TQ,1,2603
MMCT,HYB,1097,1A,6,Superfast,2,90,LD,3,3573
MMCT,HWH,968,3A,3,Duronto,3,20,LD,3,1556
JAT,ADI,999,2A,4,Passenger,0,88,PT,2,2077
JAT,MAO,709,SL,1,Superfast,2,93,PT,2,510
CSMT,NDLS,1384,SL,1,Passenger,0,4,TQ,1,735
HWH,MAO,802,CC,2,Passenger,0,13,LD,3,580
HWH,MMCT,837,3A,3,Superfast,2,21,GN,0,1211
CNB,JAT,1037,SL,1,Rajdhani,4,33,TQ,1,847
CNB,MMCT,1067,3A,3,Rajdhani,4,92,GN,0,1899
PNBE,ADI,1209,2A,4,Express,1,63,LD,3,2068
HYB,PNBE,557,2S,0,Express,1,100,TQ,1,181
ADI,MMCT,418,3A,3,Rajdhani,4,40,PT,2,1111
MMCT,CNB,1050,2A,4,Express,1,20,GN,0,1833
MMCT,HWH,1566,EC,5,Express,1,90,GN,0,3093
JAT,CSMT,1593,SL,1,Duronto,3,6,GN,0,1033
SBC,CNB,1188,CC,2,Passenger,0,92,PT,2,1154
MAS,CNB,836,1A,6,Rajdhani,4,50,LD,3,3461
NDLS,HWH,1447,SL,1,Rajdhani,4,37,LD,3,875
MMCT,NDLS,1384,2A,4,Superfast,2,10,LD,3,2916
MMCT,MAS,1164,SL,1,Express,1,114,PT,2,715
JAT,HYB,1143,2A,4,Superfast,2,113,LD,3,2264
CSMT,ADI,441,3A,3,Express,1,59,PT,2,790
MAS,MAO,476,2A,4,Rajdhani,4,10,PT,2,1864
HYB,PNBE,1557,2A,4,Passenger,0,7,LD,3,2314
HYB,PNBE,1446,CC,2,Express,1,73,TQ,1,1497
MAS,MMCT,1158,2S,0,Rajdhani,4,64,TQ,1,553
ADI,CSMT,692,2A,4,Duronto,3,16,GN,0,1553
MMCT,JAT,1241,2A,4,Duronto,3,106,PT,2,3933
CNB,MMCT,528,SL,1,Passenger,0,50,PT,2,288
MAS,HYB,1288,2S,0,Rajdhani,4,100,LD,3,466
PNBE,CSMT,653,EC,5,Passenger,0,74,GN,0,1127
MMCT,MAO,580,2S,0,Superfast,2,111,PT,2,268
PNBE,MAS,1134,CC,2,Express,1,73,LD,3,914
CSMT,MAS,1175,2A,4,Passenger,0,77,LD,3,1643
PNBE,HWH,532,1A,6,Express,1,117,PT,2,2222
HWH,NDLS,1447,2S,0,Superfast,2,39,PT,2,621
ADI,JAT,551,2S,0,Duronto,3,17,PT,2,278
ADI,HWH,901,CC,2,Express,1,77,GN,0,740
ADI,SBC,1183,CC,2,Express,1,97,PT,2,1409
NDLS,HYB,675,1A,6,Superfast,2,90,LD,3,2213
HYB,MAO,409,2A,4,Duronto,3,112,TQ,1,1205
NDLS,SBC,417,SL,1,Rajdhani,4,117,PT,2,393
SBC,MAS,362,2S,0,Express,1,64,LD,3,120
MMCT,JAT,412,2A,4,Superfast,2,62,LD,3,822
ADI,MAO,1479,3A,3,Superfast,2,20,PT,2,2948
CNB,MMCT,933,1A,6,Express,1,6,TQ,1,4076
MAO,SBC,803,CC,2,Duronto,3,86,TQ,1,1104
JAT,PNBE,1401,1A,6,Rajdhani,4,60,TQ,1,7274
CSMT,MAO,580,2A,4,Superfast,2,77,PT,2,1705
CNB,JAT,913,SL,1,Express,1,109,PT,2,582
MAS,SBC,362,3A,3,Passenger,0,105,LD,3,373
MMCT,NDLS,1384,CC,2,Superfast,2,71,PT,2,1841
JAT,MMCT,1336,1A,6,Superfast,2,35,PT,2,6176
MAS,CNB,961,2A,4,Duronto,3,66,TQ,1,2821
NDLS,MAO,1177,CC,2,Superfast,2,87,TQ,1,1441
NDLS,JAT,580,3A,3,Superfast,2,116,LD,3,829
PNBE,NDLS,998,CC,2,Passenger,0,104,TQ,1,879
CNB,SBC,1444,CC,2,Express,1,116,PT,2,1669
MAS,CSMT,1493,2A,4,Superfast,2,12,LD,3,3097
CNB,MAS,1494,2S,0,Duronto,3,87,PT,2,704
MMCT,SBC,1077,2A,4,Superfast,2,53,PT,2,3117
MAS,MAO,952,SL,1,Rajdhani,4,60,GN,0,619
JAT,MAO,1538,EC,5,Rajdhani,4,60,TQ,1,5741
MMCT,JAT,1131,EC,5,Superfast,2,52,GN,0,2674
CSMT,CNB,760,3A,3,Express,1,72,LD,3,936
HWH,CSMT,515,SL,1,Superfast,2,80,TQ,1,334
JAT,NDLS,580,SL,1,Superfast,2,26,TQ,1,384
CSMT,ADI,530,2A,4,Passenger,0,55,LD,3,759
PNBE,ADI,1135,1A,6,Rajdhani,4,68,TQ,1,6036
HWH,NDLS,1447,2S,0,Passenger,0,24,GN,0,306
NDLS,JAT,580,2A,4,Superfast,2,39,TQ,1,1509
PNBE,HYB,1555,3A,3,Duronto,3,8,GN,0,2546
MAS,ADI,1415,EC,5,Passenger,0,43,LD,3,2329
JAT,CSMT,1051,SL,1,Superfast,2,96,TQ,1,676
PNBE,NDLS,998,2A,4,Duronto,3,27,GN,0,2246
HYB,CSMT,602,3A,3,Rajdhani,4,48,PT,2,1588
HYB,MAO,449,EC,5,Rajdhani,4,84,GN,0,1359
NDLS,CNB,440,SL,1,Express,1,48,GN,0,196
MAS,ADI,663,2A,4,Rajdhani,4,38,LD,3,1694
MMCT,JAT,1415,3A,3,Passenger,0,77,TQ,1,1805
MMCT,HYB,591,3A,3,Rajdhani,4,100,GN,0,1069
SBC,MAO,759,2S,0,Superfast,2,106,TQ,1,295
CNB,PNBE,954,2A,4,Rajdhani,4,70,LD,3,2443
SBC,ADI,1027,2A,4,Rajdhani,4,1,GN,0,3609
MMCT,MAO,580,2A,4,Rajdhani,4,99,GN,0,1484
CNB,MMCT,874,CC,2,Duronto,3,58,PT,2,1342
ADI,NDLS,934,2S,0,Duronto,3,111,GN,0,328
MAS,HWH,1660,SL,1,Rajdhani,4,12,GN,0,1067
CSMT,JAT,699,3A,3,Superfast,2,114,LD,3,1018
MAO,MAS,540,3A,3,Superfast,2,23,GN,0,772
PNBE,ADI,906,2S,0,Express,1,88,LD,3,250
PNBE,JAT,691,1A,6,Duronto,3,89,GN,0,2549
CSMT,MMCT,1202,EC,5,Express,1,102,LD,3,2432
MAO,PNBE,1084,EC,5,Rajdhani,4,110,TQ,1,4203
ADI,MMCT,1192,SL,1,Rajdhani,4,8,PT,2,1143
HWH,NDLS,1447,2S,0,Passenger,0,92,TQ,1,405
JAT,HWH,1413,EC,5,Passenger,0,12,LD,3,2504
CNB,SBC,1336,3A,3,Express,1,19,GN,0,1595
JAT,CSMT,1385,2S,0,Express,1,109,LD,3,363
CSMT,MMCT,1356,3A,3,Duronto,3,42,PT,2,3013
HYB,SBC,625,CC,2,Express,1,51,TQ,1,662
ADI,CNB,1523,SL,1,Rajdhani,4,109,LD,3,925
HWH,MMCT,1368,CC,2,Rajdhani,4,13,LD,3,1715
NDLS,HYB,1474,1A,6,Rajdhani,4,101,PT,2,8501
HYB,CNB,773,CC,2,Express,1,43,PT,2,942
NDLS,SBC,1280,3A,3,Passenger,0,98,LD,3,1276
JAT,HWH,1276,1A,6,Rajdhani,4,97,TQ,1,6672
HWH,CNB,1007,EC,5,Passenger,0,47,GN,0,1702
CSMT,ADI,637,2S,0,Express,1,13,PT,2,261
SBC,CNB,597,2S,0,Express,1,27,LD,3,169
SBC,HWH,570,2S,0,Express,1,5,GN,0,193
ADI,CNB,1556,EC,5,Duronto,3,63,GN,0,3940
CNB,NDLS,440,SL,1,Passenger,0,61,TQ,1,214
MAO,CSMT,580,1A,6,Express,1,84,PT,2,2410
PNBE,CNB,1597,CC,2,Duronto,3,35,LD,3,1629
HWH,MAS,1660,2S,0,Duronto,3,17,LD,3,535
CNB,HYB,962,2S,0,Passenger,0,110,PT,2,309
CNB,HYB,795,2A,4,Duronto,3,79,PT,2,2597
HWH,JAT,621,CC,2,Duronto,3,64,PT,2,965
MMCT,HWH,1501,SL,1,Passenger,0,73,LD,3,523
CNB,HYB,935,2S,0,Express,1,103,GN,0,247
MMCT,NDLS,1384,2A,4,Rajdhani,4,85,GN,0,3380
MAS,CSMT,936,CC,2,Superfast,2,18,GN,0,903
MAS,SBC,362,1A,6,Superfast,2,104,LD,3,1180
MAO,JAT,1500,2S,0,Duronto,3,95,LD,3,476
HYB,MAS,446,SL,1,Express,1,53,PT,2,299
HYB,NDLS,376,CC,2,Superfast,2,25,LD,3,370
SBC,JAT,1103,2S,0,Passenger,0,69,TQ,1,316
CNB,SBC,952,SL,1,Duronto,3,87,GN,0,526
CSMT,HYB,594,SL,1,Rajdhani,4,54,PT,2,552
MAS,CSMT,679,EC,5,Superfast,2,0,PT,2,2969
CNB,CSMT,431,2A,4,Superfast,2,76,GN,0,879
JAT,MAO,966,SL,1,Passenger,0,70,PT,2,492
CNB,HWH,1007,2A,4,Duronto,3,66,GN,0,2271
HYB,CSMT,1201,EC,5,Passenger,0,51,GN,0,1996
SBC,CNB,1029,3A,3,Superfast,2,37,TQ,1,1926
MAO,HYB,1322,EC,5,Rajdhani,4,14,PT,2,5894
SBC,JAT,849,1A,6,Superfast,2,48,GN,0,2794
MAS,HYB,929,1A,6,Passenger,0,105,PT,2,3165
HYB,ADI,1346,1A,6,Superfast,2,114,TQ,1,5556
HYB,MMCT,546,2A,4,Passenger,0,68,GN,0,790
MMCT,SBC,786,2S,0,Express,1,106,GN,0,199
HYB,PNBE,497,CC,2,Duronto,3,3,LD,3,653
HWH,NDLS,1447,1A,6,Rajdhani,4,22,PT,2,8350
MMCT,MAO,580,3A,3,Express,1,49,LD,3,728
PNBE,CNB,997,1A,6,Express,1,86,GN,0,2858
NDLS,JAT,580,2S,0,Passenger,0,5,GN,0,149
HYB,MMCT,943,2S,0,Superfast,2,77,GN,0,280
ADI,PNBE,1159,2S,0,Rajdhani,4,60,TQ,1,567
SBC,CSMT,1150,2S,0,Passenger,0,37,TQ,1,313
JAT,CNB,1114,1A,6,Passenger,0,111,TQ,1,3342
NDLS,CNB,440,EC,5,Express,1,68,GN,0,910
SBC,HWH,783,SL,1,Passenger,0,18,TQ,1,358
SBC,MAO,867,2A,4,Rajdhani,4,23,GN,0,2218
HYB,ADI,1475,1A,6,Superfast,2,85,GN,0,4638
MMCT,SBC,1539,SL,1,Superfast,2,45,TQ,1,971
JAT,SBC,554,3A,3,Passenger,0,8,TQ,1,777
ADI,CNB,1022,EC,5,Superfast,2,88,TQ,1,3170
MAO,HWH,997,SL,1,Duronto,3,0,PT,2,1020
SBC,JAT,1243,3A,3,Superfast,2,17,PT,2,2530
ADI,CNB,1262,3A,3,Superfast,2,62,GN,0,1750
JAT,MAO,517,2S,0,Superfast,2,109,TQ,1,216
HYB,SBC,625,CC,2,Rajdhani,4,93,GN,0,767
NDLS,HYB,413,2S,0,Passenger,0,74,LD,3,120
MAO,SBC,425,EC,5,Superfast,2,69,LD,3,1021
CSMT,HWH,1153,2A,4,Passenger,0,93,PT,2,2351
ADI,HYB,1395,1A,6,Express,1,46,GN,0,3848
SBC,MAO,689,2S,0,Passenger,0,17,LD,3,139
CSMT,MAO,580,CC,2,Duronto,3,94,LD,3,632
HWH,NDLS,1447,2S,0,Express,1,29,GN,0,359
HWH,SBC,437,CC,2,Duronto,3,66,PT,2,671
ADI,CNB,445,1A,6,Superfast,2,13,PT,2,2254
CNB,MAS,1535,EC,5,Passenger,0,22,LD,3,2497
PNBE,HWH,532,CC,2,Rajdhani,4,66,PT,2,927
SBC,HYB,625,3A,3,Superfast,2,62,LD,3,910
MAO,NDLS,1377,2A,4,Express,1,21,TQ,1,3012
HYB,JAT,925,2A,4,Duronto,3,23,TQ,1,2699
MAO,MMCT,580,SL,1,Superfast,2,92,GN,0,293
JAT,ADI,1331,2A,4,Passenger,0,20,LD,3,1836
SBC,NDLS,611,EC,5,Passenger,0,20,TQ,1,1359
HYB,NDLS,1522,2A,4,Rajdhani,4,21,PT,2,5369
CSMT,HYB,1180,EC,5,Passenger,0,81,GN,0,1983
CNB,JAT,930,1A,6,Duronto,3,57,LD,3,3421
ADI,CSMT,799,2S,0,Express,1,76,TQ,1,284
MAO,CSMT,580,3A,3,Duronto,3,92,PT,2,1357
ADI,MAO,1559,1A,6,Duronto,3,48,LD,3,5425
MMCT,NDLS,1384,EC,5,Passenger,0,87,LD,3,2281
CSMT,MAO,580,2A,4,Express,1,115,GN,0,1031
HYB,CNB,590,1A,6,Express,1,84,TQ,1,2211
MAO,HYB,352,2S,0,Express,1,66,LD,3,120
NDLS,HYB,1228,2A,4,Express,1,101,LD,3,2098
MAO,CNB,550,SL,1,Duronto,3,32,LD,3,319
SBC,MMCT,930,EC,5,Passenger,0,52,PT,2,2291
NDLS,CNB,440,EC,5,Rajdhani,4,66,GN,0,1324
JAT,SBC,996,SL,1,Superfast,2,13,TQ,1,694
JAT,MAO,869,3A,3,Passenger,0,54,PT,2,1292
MAS,JAT,1163,2S,0,Duronto,3,52,LD,3,376
HWH,HYB,1486,SL,1,Superfast,2,39,PT,2,1052
CNB,PNBE,632,2S,0,Rajdhani,4,95,TQ,1,314
CNB,CSMT,555,2A,4,Passenger,0,51,PT,2,1168
HYB,MAO,456,2A,4,Express,1,81,GN,0,811
MMCT,CSMT,1315,EC,5,Express,1,11,GN,0,2850
SBC,HWH,513,EC,5,Rajdhani,4,92,LD,3,1561
PNBE,MAO,1417,3A,3,Passenger,0,7,TQ,1,1925
ADI,CNB,371,2A,4,Passenger,0,36,TQ,1,679
MAO,HYB,1406,CC,2,Duronto,3,78,TQ,1,1875
NDLS,HWH,1447,CC,2,Rajdhani,4,20,GN,0,1665
PNBE,HWH,532,SL,1,Passenger,0,25,GN,0,200
CNB,MMCT,534,EC,5,Superfast,2,92,PT,2,1847
MAS,SBC,362,2A,4,Express,1,119,LD,3,638
NDLS,MAS,708,SL,1,Passenger,0,13,GN,0,277
MAS,HWH,1660,2S,0,Passenger,0,32,PT,2,500
ADI,PNBE,1503,SL,1,Duronto,3,96,PT,2,1187
ADI,JAT,1293,EC,5,Rajdhani,4,61,GN,0,3770
MMCT,PNBE,801,CC,2,Duronto,3,102,PT,2,1234
HWH,HYB,1447,1A,6,Superfast,2,31,PT,2,6607
PNBE,JAT,1050,1A,6,Passenger,0,119,TQ,1,3186
HWH,CNB,1007,EC,5,Superfast,2,23,TQ,1,3127
CNB,SBC,830,CC,2,Duronto,3,111,PT,2,1271
SBC,CNB,861,2S,0,Passenger,0,45,TQ,1,252
MMCT,CNB,510,CC,2,Express,1,78,GN,0,433
HYB,NDLS,1337,3A,3,Passenger,0,40,LD,3,1334
MAO,MAS,1355,2A,4,Passenger,0,35,LD,3,1873
MAO,CSMT,580,EC,5,Express,1,61,GN,0,1206
HWH,PNBE,532,SL,1,Rajdhani,4,89,LD,3,334
CNB,NDLS,440,CC,2,Duronto,3,48,GN,0,463
HWH,MAO,881,2A,4,Passenger,0,33,TQ,1,1641
ADI,MAO,1052,3A,3,Duronto,3,63,LD,3,1659
PNBE,HWH,532,2S,0,Express,1,35,LD,3,130
MAO,CSMT,580,CC,2,Duronto,3,104,GN,0,625
MAS,SBC,362,SL,1,Express,1,25,TQ,1,217
CNB,CSMT,1318,2S,0,Rajdhani,4,22,LD,3,488
CSMT,JAT,1408,EC,5,Superfast,2,100,LD,3,3227
MAS,HYB,1512,1A,6,Express,1,12,TQ,1,5688
SBC,MAS,362,2S,0,Rajdhani,4,57,PT,2,193
HWH,CNB,1007,EC,5,Superfast,2,44,GN,0,2404
MMCT,HWH,1590,2A,4,Passenger,0,73,TQ,1,2833
MAS,HWH,1660,CC,2,Passenger,0,62,LD,3,1084
MMCT,PNBE,936,SL,1,Duronto,3,111,TQ,1,690
HWH,PNBE,532,SL,1,Rajdhani,4,10,TQ,1,463
SBC,HWH,998,CC,2,Superfast,2,90,PT,2,1388
JAT,PNBE,905,SL,1,Superfast,2,95,LD,3,456
CSMT,CNB,397,2A,4,Duronto,3,84,PT,2,1309
CNB,MMCT,781,2A,4,Express,1,13,GN,0,1467
ADI,HYB,460,1A,6,Express,1,67,GN,0,1305
MAS,MAO,668,1A,6,Express,1,39,TQ,1,2479
CNB,MAS,1257,CC,2,Duronto,3,16,TQ,1,1677
NDLS,JAT,580,2S,0,Superfast,2,110,LD,3,175
HYB,MAS,1473,SL,1,Duronto,3,89,TQ,1,1035
MAO,ADI,1505,SL,1,Passenger,0,81,PT,2,765
HWH,ADI,1455,2A,4,Rajdhani,4,56,PT,2,5138
PNBE,MAS,668,3A,3,Rajdhani,4,0,TQ,1,2027
MAS,ADI,1445,1A,6,Express,1,96,LD,3,3959
NDLS,PNBE,998,EC,5,Duronto,3,101,GN,0,2657
HWH,SBC,1193,EC,5,Express,1,50,TQ,1,3143
CNB,JAT,1148,2S,0,Express,1,28,PT,2,419
PNBE,JAT,840,EC,5,Passenger,0,103,PT,2,2071
JAT,HYB,900,SL,1,Duronto,3,109,GN,0,497
CSMT,MAS,576,CC,2,Express,1,79,LD,3,472
CNB,MAO,1357,2A,4,Superfast,2,2,TQ,1,4424
HYB,NDLS,730,1A,6,Superfast,2,34,TQ,1,3133
ADI,NDLS,934,1A,6,Duronto,3,1,LD,3,4716
HWH,PNBE,532,2S,0,Express,1,47,LD,3,147
NDLS,HWH,1447,2S,0,Duronto,3,7,PT,2,727
PNBE,MMCT,1462,SL,1,Duronto,3,24,PT,2,1154
PNBE,NDLS,998,2S,0,Duronto,3,49,LD,3,329
CNB,NDLS,440,SL,1,Rajdhani,4,66,TQ,1,365
PNBE,JAT,989,3A,3,Duronto,3,80,GN,0,1587
HYB,CNB,600,3A,3,Express,1,81,PT,2,1077
HWH,NDLS,1447,1A,6,Duronto,3,81,LD,3,5077
NDLS,CSMT,1384,EC,5,Rajdhani,4,50,TQ,1,5203
NDLS,MAO,1323,CC,2,Passenger,0,19,PT,2,1274
MMCT,SBC,672,SL,1,Rajdhani,4,87,PT,2,636
JAT,NDLS,580,3A,3,Duronto,3,89,GN,0,915
ADI,SBC,998,EC,5,Superfast,2,103,LD,3,2394
SBC,NDLS,1123,3A,3,Duronto,3,32,GN,0,1766
CNB,ADI,1494,3A,3,Passenger,0,89,LD,3,1451
MAO,CSMT,580,3A,3,Superfast,2,93,LD,3,825
MAO,HYB,678,1A,6,Passenger,0,19,LD,3,1586
MAS,HYB,1101,SL,1,Rajdhani,4,99,LD,3,701
CSMT,NDLS,1384,2S,0,Passenger,0,30,PT,2,426
MMCT,JAT,1453,2S,0,Express,1,24,LD,3,376
HYB,CSMT,929,3A,3,Express,1,82,PT,2,1669
MMCT,HYB,486,1A,6,Duronto,3,22,GN,0,1773
MMCT,ADI,742,1A,6,Rajdhani,4,73,LD,3,3088
ADI,HYB,1558,3A,3,Rajdhani,4,46,TQ,1,3489
CNB,MMCT,376,2A,4,Express,1,118,GN,0,658
JAT,NDLS,580,EC,5,Express,1,105,PT,2,1758
CNB,NDLS,440,EC,5,Rajdhani,4,93,GN,0,1338
MAS,MMCT,792,EC,5,Rajdhani,4,12,TQ,1,3296
PNBE,SBC,745,EC,5,Duronto,3,72,TQ,1,2579
CNB,HYB,1200,CC,2,Rajdhani,4,98,PT,2,2057
ADI,JAT,1224,1A,6,Duronto,3,101,TQ,1,5690
PNBE,HYB,1041,CC,2,Duronto,3,68,LD,3,1116
HWH,CNB,1007,3A,3,Superfast,2,52,LD,3,1455
CNB,HWH,1007,2A,4,Passenger,0,69,TQ,1,1881
HYB,MAS,1087,SL,1,Express,1,50,GN,0,481
NDLS,MAS,1570,1A,6,Passenger,0,17,PT,2,5069
MAS,SBC,362,2S,0,Superfast,2,2,PT,2,215
HYB,CNB,1489,EC,5,Passenger,0,19,GN,0,2410
ADI,HWH,669,2A,4,Superfast,2,46,TQ,1,1748
MAS,CNB,538,EC,5,Express,1,72,TQ,1,1463
MMCT,HWH,1338,2A,4,Express,1,105,GN,0,2272
JAT,MAS,426,CC,2,Passenger,0,48,GN,0,299
NDLS,HWH,1447,2S,0,Express,1,53,GN,0,378
SBC,JAT,1583,1A,6,Express,1,6,PT,2,7193
NDLS,HWH,1447,EC,5,Duronto,3,41,TQ,1,4784
NDLS,JAT,580,SL,1,Passenger,0,73,GN,0,201
PNBE,MAS,1157,2A,4,Duronto,3,43,GN,0,2553
MAO,NDLS,1472,SL,1,Superfast,2,10,LD,3,770
PNBE,CSMT,626,SL,1,Passenger,0,25,LD,3,222
JAT,MAO,751,EC,5,Passenger,0,94,TQ,1,1656
MMCT,MAS,1230,3A,3,Passenger,0,11,GN,0,1329
PNBE,CNB,1098,3A,3,Duronto,3,41,PT,2,2515
JAT,NDLS,580,2A,4,Superfast,2,78,LD,3,1175
CSMT,ADI,441,2S,0,Duronto,3,25,PT,2,205
CNB,MMCT,580,CC,2,Rajdhani,4,31,TQ,1,921
MAS,NDLS,1053,CC,2,Rajdhani,4,39,LD,3,1261
NDLS,HWH,1447,CC,2,Passenger,0,27,TQ,1,1230
HYB,MAS,1473,SL,1,Passenger,0,93,TQ,1,667
CNB,JAT,387,SL,1,Passenger,0,115,GN,0,132
CSMT,NDLS,1384,2A,4,Passenger,0,34,GN,0,1916
JAT,NDLS,580,SL,1,Superfast,2,84,PT,2,437
MMCT,NDLS,1384,2S,0,Express,1,29,LD,3,353
CNB,MMCT,996,SL,1,Passenger,0,68,GN,0,349
SBC,HYB,625,EC,5,Rajdhani,4,5,TQ,1,2877
HYB,MAS,1033,SL,1,Express,1,95,TQ,1,574
HWH,JAT,1070,3A,3,Superfast,2,30,PT,2,2216
NDLS,JAT,580,SL,1,Rajdhani,4,120,PT,2,528
CSMT,HWH,1154,CC,2,Duronto,3,11,LD,3,1304
JAT,MAO,815,SL,1,Duronto,3,73,TQ,1,595
MAS,MAO,1024,SL,1,Passenger,0,16,TQ,1,483
CSMT,MAO,580,CC,2,Duronto,3,110,TQ,1,796
CNB,HYB,626,SL,1,Duronto,3,83,TQ,1,453
MMCT,HYB,1441,CC,2,Rajdhani,4,23,PT,2,2426
CSMT,NDLS,1384,SL,1,Express,1,38,LD,3,594
JAT,MAS,661,2S,0,Duronto,3,13,TQ,1,299
NDLS,MAO,896,EC,5,Passenger,0,78,TQ,1,1990
SBC,CNB,403,3A,3,Rajdhani,4,88,LD,3,718
HYB,MAO,1310,CC,2,Superfast,2,23,LD,3,1213
ADI,CSMT,685,2A,4,Duronto,3,4,LD,3,1887
NDLS,MAS,1195,2A,4,Duronto,3,96,TQ,1,3399
CSMT,ADI,1353,CC,2,Superfast,2,110,LD,3,1260
SBC,PNBE,1179,2S,0,Rajdhani,4,77,LD,3,450
HWH,PNBE,532,EC,5,Passenger,0,67,GN,0,908
MMCT,ADI,1285,2S,0,Rajdhani,4,112,TQ,1,621
HYB,PNBE,430,EC,5,Express,1,66,GN,0,885
MAS,ADI,1165,3A,3,Superfast,2,59,TQ,1,2128
MAS,MAO,461,CC,2,Passenger,0,115,TQ,1,409
JAT,ADI,535,CC,2,Passenger,0,14,TQ,1,512
MAO,HYB,627,SL,1,Express,1,41,LD,3,261
CSMT,ADI,1558,CC,2,Duronto,3,112,LD,3,1564
MAS,HWH,1660,CC,2,Rajdhani,4,11,GN,0,2051
ADI,JAT,1093,1A,6,Passenger,0,90,LD,3,2545
HYB,MAO,677,SL,1,Passenger,0,48,GN,0,253
CSMT,HWH,1508,2S,0,Duronto,3,20,TQ,1,622
CNB,NDLS,440,3A,3,Superfast,2,93,LD,3,626
JAT,CSMT,590,2A,4,Duronto,3,0,PT,2,2412
ADI,CNB,1371,EC,5,Rajdhani,4,77,LD,3,3973
SBC,MAO,1324,SL,1,Express,1,56,GN,0,567
MAO,NDLS,851,EC,5,Superfast,2,79,TQ,1,2630
CSMT,CNB,462,CC,2,Superfast,2,4,TQ,1,684
NDLS,JAT,580,2S,0,Passenger,0,38,PT,2,195
MMCT,NDLS,1384,SL,1,Duronto,3,20,PT,2,1092
JAT,MAO,1522,2S,0,Passenger,0,22,LD,3,322
MAO,HWH,423,1A,6,Superfast,2,41,PT,2,2033
PNBE,MMCT,1225,2S,0,Passenger,0,8,PT,2,396
CSMT,MMCT,912,3A,3,Passenger,0,52,TQ,1,1219
SBC,MAO,469,1A,6,Passenger,0,93,GN,0,1101
CNB,MAO,938,SL,1,Passenger,0,108,PT,2,485
HYB,MAO,1074,2A,4,Passenger,0,72,LD,3,1533
CNB,JAT,1369,SL,1,Duronto,3,113,TQ,1,972
MAS,SBC,362,1A,6,Rajdhani,4,59,GN,0,1512
SBC,MAO,1199,SL,1,Rajdhani,4,42,PT,2,1087
JAT,SBC,373,CC,2,Duronto,3,88,PT,2,568
MMCT,MAS,964,EC,5,Passenger,0,41,GN,0,1631
JAT,HWH,1049,SL,1,Passenger,0,78,GN,0,387
CSMT,SBC,1026,2S,0,Superfast,2,118,LD,3,325
ADI,NDLS,934,SL,1,Duronto,3,80,LD,3,539
HYB,HWH,1297,2S,0,Express,1,118,GN,0,343
HYB,MAS,1507,CC,2,Superfast,2,71,GN,0,1367
MAO,JAT,1029,2S,0,Superfast,2,8,TQ,1,422
NDLS,HWH,1447,CC,2,Passenger,0,107,TQ,1,1231
MAO,PNBE,733,EC,5,Rajdhani,4,110,PT,2,3212
HWH,NDLS,1447,SL,1,Rajdhani,4,63,TQ,1,1145
ADI,MAS,792,EC,5,Superfast,2,22,GN,0,1889
NDLS,SBC,539,SL,1,Passenger,0,3,LD,3,250
HYB,CSMT,739,3A,3,Express,1,93,PT,2,1346
HWH,CSMT,551,2S,0,Passenger,0,86,TQ,1,146
CNB,NDLS,440,SL,1,Passenger,0,14,GN,0,166
NDLS,JAT,580,2S,0,Rajdhani,4,42,LD,3,235
NDLS,MMCT,1384,2S,0,Superfast,2,2,PT,2,744
SBC,HWH,760,2A,4,Superfast,2,35,PT,2,2233
ADI,JAT,590,3A,3,Duronto,3,20,PT,2,1355
NDLS,MAO,1496,EC,5,Rajdhani,4,26,PT,2,6244
HWH,MAS,1660,CC,2,Superfast,2,73,TQ,1,1942
MMCT,MAS,1043,EC,5,Express,1,6,TQ,1,3262
ADI,JAT,453,1A,6,Express,1,6,GN,0,1580
PNBE,CSMT,1570,EC,5,Express,1,78,PT,2,4493
HWH,SBC,1442,1A,6,Express,1,72,TQ,1,5132
CNB,ADI,549,SL,1,Superfast,2,87,LD,3,278
SBC,CNB,644,2S,0,Passenger,0,33,PT,2,199
CSMT,JAT,1026,2S,0,Superfast,2,58,LD,3,296
MMCT,ADI,581,3A,3,Express,1,59,TQ,1,937
HWH,MAO,1526,2A,4,Passenger,0,13,LD,3,2273
CNB,MMCT,1017,EC,5,Rajdhani,4,101,PT,2,4437
ADI,PNBE,1559,SL,1,Duronto,3,79,TQ,1,1087
CSMT,ADI,1136,1A,6,Superfast,2,26,LD,3,3691
PNBE,MAO,1050,EC,5,Duronto,3,22,GN,0,2784
CNB,MAO,1346,1A,6,Passenger,0,76,LD,3,3045
HYB,MMCT,1261,2A,4,Superfast,2,51,GN,0,2478
MMCT,JAT,1571,2S,0,Express,1,41,LD,3,399
JAT,NDLS,580,2A,4,Duronto,3,113,GN,0,1312
CSMT,JAT,655,SL,1,Passenger,0,37,LD,3,240
MAO,ADI,750,2A,4,Superfast,2,38,PT,2,2210
PNBE,HWH,532,EC,5,Rajdhani,4,78,LD,3,1615
CSMT,MAS,477,3A,3,Passenger,0,6,GN,0,602
HYB,HWH,574,2S,0,Superfast,2,110,GN,0,167
PNBE,MAO,1157,CC,2,Superfast,2,91,LD,3,1084
PNBE,CNB,1466,2A,4,Duronto,3,60,TQ,1,4087
HYB,PNBE,1087,2S,0,Express,1,19,PT,2,424
JAT,CSMT,625,1A,6,Rajdhani,4,82,GN,0,2585
CNB,ADI,1244,2A,4,Rajdhani,4,17,LD,3,3095
ADI,MAO,1221,EC,5,Duronto,3,58,LD,3,3171
ADI,PNBE,1077,2A,4,Duronto,3,54,GN,0,2399
ADI,SBC,1377,3A,3,Express,1,118,PT,2,2384
NDLS,MAO,1339,CC,2,Superfast,2,14,LD,3,1351
CNB,MMCT,640,CC,2,Passenger,0,109,PT,2,632
HYB,MMCT,1421,EC,5,Rajdhani,4,31,LD,3,4116
CNB,JAT,509,CC,2,Passenger,0,102,PT,2,508
NDLS,HWH,1447,2S,0,Rajdhani,4,60,LD,3,532
ADI,MAO,1028,SL,1,Superfast,2,102,PT,2,747
CSMT,NDLS,1384,CC,2,Superfast,2,93,PT,2,1833
JAT,ADI,1534,2A,4,Passenger,0,6,PT,2,3522
CNB,MAO,405,3A,3,Express,1,10,TQ,1,698
MMCT,MAS,866,2A,4,Passenger,0,35,PT,2,1819
MAS,NDLS,578,EC,5,Duronto,3,116,TQ,1,2006
ADI,HWH,709,3A,3,Duronto,3,62,TQ,1,1481
HYB,NDLS,1052,1A,6,Duronto,3,76,TQ,1,4992
ADI,PNBE,1134,2A,4,Express,1,92,TQ,1,2538
MAO,HWH,461,CC,2,Superfast,2,96,GN,0,427
CSMT,ADI,1166,SL,1,Superfast,2,60,TQ,1,748
JAT,PNBE,1321,3A,3,Duronto,3,67,LD,3,2024
MAS,ADI,1132,CC,2,Superfast,2,67,GN,0,1053
HYB,JAT,1074,2S,0,Express,1,78,PT,2,402
MAS,CNB,551,3A,3,Passenger,0,50,LD,3,572
JAT,SBC,1555,2S,0,Duronto,3,66,PT,2,731
CNB,CSMT,991,EC,5,Rajdhani,4,86,GN,0,2998
MMCT,NDLS,1384,1A,6,Passenger,0,13,LD,3,3374
SBC,MAS,362,2A,4,Rajdhani,4,3,GN,0,1110
MAO,JAT,794,EC,5,Rajdhani,4,90,GN,0,2380
MAO,CSMT,580,CC,2,Passenger,0,102,TQ,1,526
MMCT,CSMT,868,3A,3,Express,1,84,GN,0,1088
ADI,MAS,1224,CC,2,Superfast,2,32,TQ,1,1493
MMCT,MAS,477,SL,1,Express,1,42,GN,0,203
MAS,CSMT,1252,1A,6,Express,1,118,TQ,1,4539
PNBE,CSMT,1357,1A,6,Duronto,3,69,LD,3,4788
MAO,JAT,567,SL,1,Superfast,2,13,GN,0,296
MMCT,MAO,580,2S,0,Express,1,2,LD,3,200
JAT,CNB,351,1A,6,Express,1,34,TQ,1,1313
HWH,PNBE,532,1A,6,Passenger,0,90,LD,3,1250
PNBE,CNB,493,EC,5,Duronto,3,0,LD,3,1826
CNB,ADI,598,EC,5,Passenger,0,119,PT,2,1473
JAT,MAS,1170,1A,6,Rajdhani,4,46,PT,2,6895
ADI,MAS,765,2A,4,Passenger,0,5,LD,3,1350
SBC,MAS,362,1A,6,Superfast,2,62,GN,0,1205
JAT,ADI,738,2A,4,Rajdhani,4,24,GN,0,1886
MAO,SBC,1351,SL,1,Rajdhani,4,101,PT,2,1205
HYB,ADI,383,1A,6,Superfast,2,7,PT,2,1941
CNB,NDLS,440,1A,6,Duronto,3,103,LD,3,1629
JAT,HYB,655,CC,2,Passenger,0,29,GN,0,432
CNB,CSMT,1351,CC,2,Rajdhani,4,60,GN,0,1563
CNB,JAT,617,1A,6,Duronto,3,80,GN,0,2275
MAS,MMCT,1284,EC,5,Duronto,3,106,GN,0,3325
MMCT,CNB,1368,EC,5,Passenger,0,28,GN,0,2257
SBC,PNBE,1040,2S,0,Express,1,41,GN,0,279
MAO,HYB,631,3A,3,Duronto,3,97,GN,0,1011
CSMT,HWH,479,1A,6,Superfast,2,18,LD,3,1568
CNB,HWH,1007,2A,4,Express,1,31,GN,0,1755
MMCT,JAT,1120,2S,0,Duronto,3,2,LD,3,502
NDLS,CNB,440,1A,6,Passenger,0,113,PT,2,1497
CNB,ADI,609,2A,4,Duronto,3,81,PT,2,1984
ADI,PNBE,839,2A,4,Passenger,0,88,GN,0,1212
CSMT,ADI,530,CC,2,Superfast,2,44,LD,3,492
HYB,SBC,625,1A,6,Passenger,0,12,PT,2,2258
HYB,CNB,799,SL,1,Duronto,3,35,GN,0,441
MMCT,CSMT,1321,SL,1,Duronto,3,20,GN,0,705
JAT,HWH,933,2A,4,Express,1,32,PT,2,2379
ADI,NDLS,934,CC,2,Rajdhani,4,118,TQ,1,1455
NDLS,ADI,934,1A,6,Rajdhani,4,114,TQ,1,5051
ADI,MAO,1537,3A,3,Express,1,25,PT,2,2640
MMCT,HWH,816,1A,6,Duronto,3,94,LD,3,3003
SBC,PNBE,801,1A,6,Express,1,74,LD,3,2280
PNBE,CSMT,792,EC,5,Express,1,22,LD,3,1642
CSMT,ADI,747,CC,2,Superfast,2,34,TQ,1,924
CSMT,NDLS,1384,1A,6,Superfast,2,17,GN,0,4399
ADI,CNB,1206,2A,4,Superfast,2,28,PT,2,3452
CSMT,JAT,698,EC,5,Passenger,0,109,TQ,1,1534
PNBE,HYB,1351,2S,0,Duronto,3,75,LD,3,451
ADI,MAS,379,CC,2,Express,1,94,TQ,1,402
HWH,PNBE,532,2A,4,Passenger,0,19,GN,0,763
NDLS,CNB,440,CC,2,Passenger,0,4,LD,3,367
PNBE,ADI,550,SL,1,Express,1,30,GN,0,244
NDLS,PNBE,998,2A,4,Superfast,2,37,TQ,1,2625
MMCT,NDLS,1384,CC,2,Superfast,2,20,LD,3,1286
MAO,CNB,399,SL,1,Express,1,98,TQ,1,241
CNB,PNBE,728,2S,0,Superfast,2,80,LD,3,228
JAT,NDLS,580,SL,1,Superfast,2,67,GN,0,287
PNBE,MAS,1460,EC,5,Duronto,3,100,GN,0,3722
HWH,NDLS,1447,CC,2,Superfast,2,113,GN,0,1314
PNBE,HWH,532,EC,5,Rajdhani,4,46,PT,2,2315
JAT,HYB,487,EC,5,Duronto,3,17,PT,2,1870
HYB,MMCT,1329,CC,2,Passenger,0,111,TQ,1,1147
CNB,SBC,1006,3A,3,Superfast,2,64,LD,3,1435
NDLS,MMCT,1384,3A,3,Express,1,62,GN,0,1661
CNB,HYB,1441,3A,3,Express,1,79,PT,2,2508
JAT,MMCT,735,SL,1,Rajdhani,4,10,LD,3,520
CSMT,MAS,507,1A,6,Duronto,3,35,GN,0,1865
CSMT,ADI,658,2S,0,Duronto,3,66,GN,0,217
PNBE,JAT,1458,2A,4,Express,1,44,LD,3,2449
CNB,JAT,393,3A,3,Duronto,3,8,GN,0,690
SBC,HYB,625,SL,1,Passenger,0,43,PT,2,326
MAO,JAT,1435,2S,0,Passenger,0,56,LD,3,292
MAO,CSMT,580,2A,4,Superfast,2,29,LD,3,1167
MAS,NDLS,653,3A,3,Superfast,2,58,TQ,1,1222
CSMT,HYB,934,2A,4,Duronto,3,107,TQ,1,2719
SBC,MMCT,434,3A,3,Passenger,0,16,LD,3,437
HWH,CSMT,770,EC,5,Rajdhani,4,85,PT,2,3362
CSMT,HWH,1268,EC,5,Duronto,3,68,PT,2,4739
NDLS,PNBE,998,2S,0,Duronto,3,58,PT,2,478
NDLS,HYB,1389,3A,3,Superfast,2,60,PT,2,2793
MAO,JAT,651,2S,0,Passenger,0,93,LD,3,135
CNB,MMCT,1330,1A,6,Duronto,3,86,GN,0,4705
NDLS,PNBE,998,SL,1,Superfast,2,11,PT,2,759
MAO,JAT,749,EC,5,Passenger,0,28,PT,2,1844
NDLS,MMCT,1384,2S,0,Express,1,86,GN,0,353
PNBE,SBC,1354,3A,3,Passenger,0,77,GN,0,1350
JAT,HWH,1164,2A,4,Express,1,47,LD,3,1999
NDLS,MAS,1056,3A,3,Superfast,2,57,GN,0,1495
CNB,ADI,1201,2S,0,Express,1,36,TQ,1,412
CNB,PNBE,1198,2A,4,Passenger,0,76,GN,0,1674
SBC,MAS,362,2S,0,Passenger,0,42,GN,0,120
MAO,PNBE,531,1A,6,Express,1,81,PT,2,2204
CSMT,HYB,1296,CC,2,Passenger,0,96,TQ,1,1103
CSMT,PNBE,942,EC,5,Express,1,5,PT,2,3282
MAO,MAS,1361,EC,5,Express,1,28,GN,0,2737
NDLS,CSMT,1384,3A,3,Express,1,15,PT,2,2539
CSMT,ADI,851,1A,6,Rajdhani,4,97,PT,2,5125
MMCT,MAO,580,EC,5,Express,1,72,LD,3,1217
MAS,JAT,1324,CC,2,Rajdhani,4,47,GN,0,1556
MAS,CSMT,1541,1A,6,Duronto,3,40,LD,3,5393
CNB,CSMT,1081,2A,4,Rajdhani,4,34,PT,2,3947
JAT,HWH,449,3A,3,Superfast,2,67,GN,0,646
SBC,JAT,725,2S,0,Rajdhani,4,76,TQ,1,363
HWH,CNB,1007,3A,3,Superfast,2,12,PT,2,2220
CSMT,NDLS,1384,EC,5,Superfast,2,47,LD,3,3182
HWH,CSMT,559,2A,4,Duronto,3,64,TQ,1,1644
SBC,HYB,625,2S,0,Passenger,0,91,GN,0,133
ADI,MMCT,588,2S,0,Duronto,3,118,GN,0,199
HWH,MAS,1660,2A,4,Express,1,113,PT,2,3986
CNB,MAS,408,CC,2,Rajdhani,4,28,TQ,1,652
CNB,CSMT,814,3A,3,Duronto,3,26,TQ,1,1676
PNBE,MMCT,509,1A,6,Express,1,96,LD,3,1444
SBC,MMCT,417,2S,0,Passenger,0,75,GN,0,120
MMCT,MAS,438,1A,6,Superfast,2,85,GN,0,1452
MMCT,CNB,1582,2A,4,Passenger,0,115,TQ,1,2802
JAT,HWH,409,1A,6,Duronto,3,108,PT,2,2190
MAO,HWH,1071,2A,4,Passenger,0,99,TQ,1,1987
MAO,MMCT,580,2S,0,Passenger,0,97,GN,0,126
SBC,CNB,927,2A,4,Passenger,0,0,GN,0,1856
SBC,HYB,625,3A,3,Passenger,0,23,LD,3,645
MMCT,CSMT,1076,SL,1,Express,1,27,TQ,1,608
MMCT,HWH,603,SL,1,Rajdhani,4,66,TQ,1,499
HWH,MAS,1660,CC,2,Rajdhani,4,10,PT,2,2897
MMCT,PNBE,930,SL,1,Passenger,0,94,PT,2,492
ADI,SBC,1484,SL,1,Superfast,2,109,LD,3,709
MMCT,ADI,1102,2A,4,Rajdhani,4,86,LD,3,2776
MMCT,PNBE,1247,EC,5,Rajdhani,4,15,TQ,1,5045
PNBE,MAO,558,CC,2,Duronto,3,8,PT,2,900
HWH,SBC,1568,2S,0,Express,1,15,TQ,1,555
PNBE,ADI,920,2S,0,Passenger,0,75,PT,2,298
JAT,PNBE,1079,SL,1,Passenger,0,51,LD,3,386
MAS,CSMT,1281,1A,6,Rajdhani,4,32,LD,3,5162
SBC,JAT,625,1A,6,Rajdhani,4,94,GN,0,2607
MMCT,ADI,404,2A,4,Express,1,77,PT,2,1018
MAS,MAO,547,2S,0,Rajdhani,4,84,LD,3,220
ADI,SBC,951,CC,2,Express,1,62,PT,2,1149
HWH,HYB,1469,1A,6,Rajdhani,4,55,GN,0,5833
ADI,HWH,1120,SL,1,Express,1,4,GN,0,583
HYB,JAT,970,CC,2,Duronto,3,62,LD,3,1022
MAS,PNBE,1348,2S,0,Rajdhani,4,72,LD,3,504
HYB,JAT,1454,EC,5,Express,1,60,TQ,1,3764
NDLS,PNBE,998,SL,1,Passenger,0,48,PT,2,531
MAS,HWH,1660,1A,6,Passenger,0,5,TQ,1,5616
HWH,CNB,1007,1A,6,Superfast,2,48,GN,0,3313
HWH,CNB,1007,3A,3,Rajdhani,4,84,TQ,1,2358
SBC,JAT,989,EC,5,Rajdhani,4,116,GN,0,2993
MAS,MMCT,1041,2A,4,Rajdhani,4,68,PT,2,3809
ADI,JAT,1215,EC,5,Passenger,0,115,LD,3,2014
NDLS,ADI,934,1A,6,Superfast,2,48,LD,3,3071
MAO,MMCT,580,1A,6,Duronto,3,43,LD,3,2127
JAT,HWH,691,EC,5,Superfast,2,46,LD,3,1643
ADI,JAT,504,2S,0,Passenger,0,27,PT,2,151
NDLS,MAS,1524,SL,1,Duronto,3,79,GN,0,825
MAO,MMCT,580,3A,3,Superfast,2,8,LD,3,896
SBC,HWH,507,CC,2,Superfast,2,64,PT,2,702
JAT,HYB,991,2A,4,Express,1,51,PT,2,2527
HYB,ADI,1471,2A,4,Rajdhani,4,80,TQ,1,4659
ADI,SBC,1307,3A,3,Passenger,0,103,LD,3,1309
MAO,JAT,472,EC,5,Duronto,3,46,LD,3,1246
SBC,CSMT,964,2S,0,Express,1,52,PT,2,380
MMCT,JAT,766,2S,0,Express,1,34,PT,2,298
CSMT,MAS,1581,2A,4,Express,1,30,GN,0,2626
SBC,NDLS,852,2S,0,Superfast,2,59,LD,3,261
PNBE,CNB,425,2A,4,Duronto,3,34,TQ,1,1227
MAS,CNB,1477,2A,4,Rajdhani,4,92,LD,3,3604
NDLS,CNB,440,3A,3,Passenger,0,38,GN,0,463
PNBE,HWH,532,SL,1,Duronto,3,30,GN,0,303
CNB,HYB,597,EC,5,Passenger,0,99,PT,2,1476
MMCT,SBC,1578,1A,6,Superfast,2,42,LD,3,4949
CNB,SBC,1216,2A,4,Duronto,3,13,TQ,1,3670
MAS,ADI,1186,3A,3,Passenger,0,7,LD,3,1284
HWH,MMCT,998,EC,5,Express,1,60,TQ,1,2712
MAS,CSMT,1093,SL,1,Superfast,2,105,PT,2,777
JAT,MAO,421,2S,0,Rajdhani,4,88,TQ,1,202
HYB,PNBE,983,CC,2,Superfast,2,115,GN,0,943
SBC,ADI,1145,1A,6,Express,1,118,PT,2,4669
MMCT,SBC,959,2A,4,Duronto,3,117,LD,3,2160
HWH,JAT,1182,2S,0,Rajdhani,4,35,GN,0,454
ADI,CNB,1195,2S,0,Superfast,2,91,LD,3,368
MMCT,CSMT,884,EC,5,Rajdhani,4,45,LD,3,2669
CNB,HYB,1019,SL,1,Rajdhani,4,97,GN,0,653
JAT,CSMT,1258,2S,0,Duronto,3,0,LD,3,561
JAT,MAS,992,EC,5,Rajdhani,4,14,TQ,1,4118
HYB,JAT,616,2S,0,Passenger,0,87,LD,3,143
HWH,ADI,1329,2S,0,Duronto,3,33,TQ,1,570
MAO,HWH,927,2A,4,Rajdhani,4,53,PT,2,3413
PNBE,CNB,1518,2A,4,Rajdhani,4,2,TQ,1,6204
MMCT,ADI,756,3A,3,Duronto,3,6,LD,3,1477
PNBE,MAO,882,2A,4,Rajdhani,4,47,TQ,1,2933
MAO,MMCT,580,CC,2,Passenger,0,55,LD,3,406
JAT,ADI,592,2A,4,Duronto,3,24,PT,2,1922
CNB,ADI,1132,2A,4,Express,1,109,TQ,1,2546
SBC,MAS,362,SL,1,Duronto,3,52,TQ,1,250
MAS,CNB,832,EC,5,Express,1,116,TQ,1,2244
MAO,JAT,1288,1A,6,Rajdhani,4,60,TQ,1,6754
HWH,PNBE,532,CC,2,Express,1,90,LD,3,450
MAO,MAS,499,1A,6,Passenger,0,7,GN,0,1261
SBC,ADI,1075,EC,5,Passenger,0,90,GN,0,1799
MAS,HYB,1130,3A,3,Express,1,85,PT,2,2000
HYB,NDLS,1538,2A,4,Superfast,2,21,LD,3,2971
HWH,ADI,620,1A,6,Superfast,2,90,LD,3,2031
MAS,MMCT,991,1A,6,Duronto,3,63,PT,2,5276
HWH,PNBE,532,3A,3,Passenger,0,106,PT,2,790
HWH,PNBE,532,3A,3,Express,1,97,TQ,1,865
JAT,CNB,1251,1A,6,Duronto,3,19,GN,0,4452
CSMT,NDLS,1384,3A,3,Duronto,3,90,LD,3,2124
MMCT,ADI,433,SL,1,Superfast,2,90,LD,3,219
ADI,MMCT,653,1A,6,Superfast,2,11,TQ,1,2979
MAS,CSMT,694,CC,2,Passenger,0,105,PT,2,688
JAT,MAO,784,EC,5,Rajdhani,4,67,TQ,1,3070
MMCT,SBC,1370,CC,2,Rajdhani,4,113,PT,2,2293
MAS,JAT,599,SL,1,Superfast,2,75,GN,0,315
HWH,CSMT,409,1A,6,Express,1,106,LD,3,1171
JAT,MAS,1566,CC,2,Rajdhani,4,42,GN,0,1801
MAO,ADI,1015,CC,2,Passenger,0,16,TQ,1,910
NDLS,JAT,580,3A,3,Rajdhani,4,95,GN,0,1051
MAO,PNBE,539,SL,1,Superfast,2,22,TQ,1,370
PNBE,MMCT,392,2S,0,Duronto,3,20,LD,3,141
PNBE,MAS,665,1A,6,Superfast,2,62,LD,3,2199
MAS,JAT,1585,2A,4,Superfast,2,85,GN,0,3050
HWH,HYB,759,SL,1,Express,1,113,LD,3,334
MAS,MAO,1579,SL,1,Rajdhani,4,96,LD,3,967
HWH,MAO,731,SL,1,Express,1,11,GN,0,349
HWH,ADI,809,CC,2,Duronto,3,119,LD,3,862
JAT,CNB,1424,1A,6,Superfast,2,59,LD,3,4487
ADI,MAS,654,2A,4,Superfast,2,107,TQ,1,1718
PNBE,MAS,1514,1A,6,Passenger,0,9,GN,0,3663
MMCT,HYB,1220,SL,1,Rajdhani,4,59,PT,2,1098
MAS,MAO,517,2S,0,Passenger,0,2,GN,0,161
JAT,ADI,717,2S,0,Duronto,3,107,LD,3,228
MMCT,PNBE,959,3A,3,Passenger,0,92,LD,3,990
JAT,ADI,892,3A,3,Duronto,3,27,TQ,1,1838
CNB,MAO,881,2S,0,Rajdhani,4,55,GN,0,323
PNBE,MMCT,377,2A,4,Express,1,58,LD,3,674
JAT,MAO,1346,3A,3,Passenger,0,104,PT,2,1933
JAT,CNB,1158,2S,0,Superfast,2,11,TQ,1,465
NDLS,SBC,579,2S,0,Rajdhani,4,89,TQ,1,301
NDLS,SBC,1335,CC,2,Duronto,3,83,TQ,1,1782
JAT,HYB,740,1A,6,Superfast,2,98,LD,3,2427
ADI,PNBE,394,1A,6,Duronto,3,115,TQ,1,1884
CNB,ADI,1343,SL,1,Rajdhani,4,110,LD,3,830
SBC,CNB,953,EC,5,Express,1,6,PT,2,3294
MMCT,JAT,1234,SL,1,Express,1,94,PT,2,753
ADI,PNBE,1345,EC,5,Passenger,0,92,LD,3,2204
CNB,NDLS,440,1A,6,Express,1,73,PT,2,1830
MMCT,MAS,1204,SL,1,Rajdhani,4,63,PT,2,1088
CNB,PNBE,392,2A,4,Superfast,2,92,TQ,1,1028
HWH,ADI,825,EC,5,Duronto,3,75,PT,2,3198
MAO,JAT,1309,2A,4,Superfast,2,92,LD,3,2573
PNBE,JAT,1087,2S,0,Express,1,102,TQ,1,373
SBC,MAS,362,CC,2,Express,1,16,TQ,1,382
CSMT,MAO,580,1A,6,Express,1,120,LD,3,1655
SBC,CNB,1490,1A,6,Rajdhani,4,45,PT,2,8566
JAT,CSMT,707,2S,0,Passenger,0,4,GN,0,182
PNBE,MMCT,814,1A,6,Passenger,0,28,LD,3,1905
HWH,CNB,1007,2S,0,Passenger,0,34,TQ,1,295
CNB,HYB,1587,CC,2,Rajdhani,4,90,GN,0,1832
ADI,CNB,577,1A,6,Passenger,0,78,GN,0,1367
HYB,NDLS,1388,1A,6,Duronto,3,80,GN,0,4906
SBC,HWH,671,CC,2,Superfast,2,90,LD,3,651
HYB,ADI,553,2A,4,Superfast,2,42,TQ,1,1439
SBC,ADI,1201,2S,0,Rajdhani,4,31,LD,3,444
MAS,HYB,700,1A,6,Superfast,2,47,LD,3,2302
JAT,CNB,852,2A,4,Passenger,0,53,TQ,1,1583
PNBE,CNB,1188,SL,1,Passenger,0,101,PT,2,623
NDLS,ADI,934,2S,0,Rajdhani,4,91,GN,0,345
HWH,CNB,1007,2S,0,Duronto,3,55,GN,0,337
NDLS,JAT,580,EC,5,Rajdhani,4,80,PT,2,2533
PNBE,JAT,1483,2S,0,Superfast,2,92,PT,2,639
HWH,NDLS,1447,EC,5,Passenger,0,117,TQ,1,3079
PNBE,ADI,770,EC,5,Passenger,0,100,LD,3,1319
HWH,JAT,1178,2S,0,Duronto,3,112,PT,2,553
NDLS,HYB,1035,SL,1,Duronto,3,66,PT,2,832
MMCT,HYB,1480,3A,3,Passenger,0,43,TQ,1,1866
NDLS,HYB,1563,3A,3,Duronto,3,106,PT,2,3449
PNBE,HYB,576,CC,2,Rajdhani,4,107,PT,2,999
JAT,HYB,1075,1A,6,Rajdhani,4,96,GN,0,4421
MAS,MAO,360,SL,1,Superfast,2,30,TQ,1,233
MAS,CNB,1523,CC,2,Duronto,3,91,LD,3,1547
CNB,SBC,565,3A,3,Passenger,0,74,TQ,1,763
HWH,ADI,550,2A,4,Express,1,106,LD,3,953
MMCT,NDLS,1384,2A,4,Express,1,27,LD,3,2325
HWH,JAT,1427,SL,1,Passenger,0,71,LD,3,506
MAS,MAO,1371,CC,2,Express,1,56,LD,3,1106
PNBE,CSMT,645,EC,5,Duronto,3,62,LD,3,1706
CNB,HYB,1433,1A,6,Duronto,3,58,LD,3,5024
CNB,CSMT,1494,3A,3,Rajdhani,4,77,LD,3,2569
MMCT,HWH,1520,3A,3,Rajdhani,4,66,TQ,1,3396
HWH,MAS,1660,3A,3,Superfast,2,62,GN,0,2262
CSMT,CNB,1557,SL,1,Rajdhani,4,119,PT,2,1383
MAS,SBC,362,2S,0,Express,1,0,GN,0,133
HWH,MMCT,441,SL,1,Express,1,73,PT,2,284
ADI,HWH,1122,SL,1,Passenger,0,16,TQ,1,518
JAT,ADI,1271,CC,2,Express,1,19,PT,2,1475
MAO,JAT,1188,SL,1,Duronto,3,115,LD,3,649
HYB,NDLS,1257,CC,2,Superfast,2,82,GN,0,1181
CSMT,NDLS,1384,CC,2,Superfast,2,71,GN,0,1279
HYB,MMCT,744,EC,5,Passenger,0,73,GN,0,1283
MAO,HYB,737,2S,0,Express,1,64,GN,0,182
JAT,HYB,718,1A,6,Superfast,2,100,TQ,1,3067
CNB,MAO,1259,1A,6,Passenger,0,77,PT,2,4164
MAO,NDLS,1356,2S,0,Rajdhani,4,43,LD,3,490
PNBE,NDLS,998,3A,3,Express,1,32,GN,0,1233
MMCT,HYB,694,3A,3,Duronto,3,23,PT,2,1615
MMCT,CSMT,978,SL,1,Duronto,3,7,PT,2,832
NDLS,CNB,440,SL,1,Rajdhani,4,40,TQ,1,363
HWH,MAS,1660,2S,0,Rajdhani,4,6,TQ,1,906
MAO,CNB,834,SL,1,Passenger,0,96,LD,3,316
MMCT,MAS,474,3A,3,Express,1,70,LD,3,579
ADI,NDLS,934,CC,2,Duronto,3,116,GN,0,987
HYB,MAO,557,2A,4,Passenger,0,83,TQ,1,1037
MAO,PNBE,1263,1A,6,Passenger,0,26,TQ,1,3743
HYB,CSMT,852,EC,5,Express,1,116,LD,3,1757
NDLS,ADI,934,CC,2,Duronto,3,0,GN,0,1386
ADI,MAS,1574,3A,3,Express,1,44,TQ,1,2429
HYB,MAS,443,2A,4,Passenger,0,72,GN,0,631
MMCT,PNBE,601,2S,0,Duronto,3,92,PT,2,307
PNBE,SBC,1600,EC,5,Superfast,2,113,PT,2,5269
MAS,ADI,909,2A,4,Superfast,2,43,TQ,1,2385
MAO,HWH,382,CC,2,Duronto,3,82,GN,0,410
ADI,NDLS,934,CC,2,Duronto,3,52,LD,3,1003
PNBE,HYB,516,2S,0,Rajdhani,4,68,GN,0,210
JAT,ADI,602,3A,3,Express,1,105,PT,2,1086
CSMT,NDLS,1384,SL,1,Superfast,2,119,TQ,1,875
NDLS,SBC,390,2S,0,Superfast,2,87,PT,2,164
MMCT,MAO,580,2S,0,Duronto,3,29,LD,3,211
HWH,NDLS,1447,SL,1,Passenger,0,26,GN,0,491
JAT,PNBE,577,2S,0,Superfast,2,72,LD,3,165
HYB,SBC,625,CC,2,Passenger,0,72,TQ,1,541
MAO,CSMT,580,2A,4,Superfast,2,119,TQ,1,1534
HYB,MAS,742,2S,0,Rajdhani,4,88,PT,2,418
HYB,ADI,354,SL,1,Rajdhani,4,109,PT,2,326
PNBE,MAS,599,CC,2,Passenger,0,59,LD,3,404
HYB,NDLS,809,1A,6,Superfast,2,117,LD,3,2667
ADI,HWH,360,SL,1,Duronto,3,42,GN,0,215
MAO,NDLS,812,CC,2,Express,1,9,TQ,1,922
CSMT,HWH,986,1A,6,Rajdhani,4,3,LD,3,4994
NDLS,MAO,1034,2S,0,Superfast,2,31,GN,0,313
SBC,HWH,461,2S,0,Superfast,2,66,TQ,1,197
MMCT,MAO,580,2S,0,Rajdhani,4,80,LD,3,225
MMCT,CNB,474,1A,6,Express,1,40,GN,0,1369
CSMT,NDLS,1384,1A,6,Superfast,2,78,LD,3,4374
MMCT,JAT,464,EC,5,Rajdhani,4,37,LD,3,1396
MMCT,MAO,580,2A,4,Passenger,0,100,GN,0,834
PNBE,ADI,1226,EC,5,Passenger,0,12,PT,2,3123
JAT,NDLS,580,EC,5,Superfast,2,75,TQ,1,1790
MMCT,NDLS,1384,CC,2,Rajdhani,4,75,TQ,1,2100
MAO,CSMT,580,3A,3,Superfast,2,53,LD,3,840
MAO,ADI,730,2A,4,Duronto,3,102,GN,0,1626
CSMT,MAS,1547,SL,1,Passenger,0,83,PT,2,764
MAO,HYB,648,2A,4,Express,1,39,PT,2,1642
HWH,NDLS,1447,EC,5,Duronto,3,7,TQ,1,5091
HYB,NDLS,1214,3A,3,Duronto,3,25,TQ,1,2468
MMCT,HWH,737,CC,2,Express,1,88,LD,3,616
CNB,HWH,1007,EC,5,Superfast,2,78,PT,2,3486
HWH,CSMT,564,SL,1,Rajdhani,4,63,TQ,1,482
NDLS,JAT,580,CC,2,Duronto,3,59,TQ,1,794
ADI,HWH,1119,2A,4,Express,1,23,GN,0,1932
NDLS,MMCT,1384,1A,6,Passenger,0,14,TQ,1,4311
ADI,SBC,1549,2S,0,Superfast,2,5,GN,0,538
SBC,MAS,362,2A,4,Superfast,2,92,TQ,1,945
HYB,SBC,625,2A,4,Rajdhani,4,22,PT,2,2321
MMCT,NDLS,1384,SL,1,Rajdhani,4,43,TQ,1,1099
ADI,SBC,1107,2S,0,Superfast,2,84,TQ,1,447
HYB,MAO,1238,CC,2,Rajdhani,4,15,TQ,1,2019
CSMT,SBC,742,EC,5,Express,1,88,PT,2,2231
MAO,PNBE,850,1A,6,Passenger,0,75,TQ,1,2607
HYB,MAS,654,3A,3,Duronto,3,6,PT,2,1757
CSMT,HYB,1546,SL,1,Duronto,3,93,GN,0,838
ADI,JAT,482,2A,4,Passenger,0,49,PT,2,1006
HYB,ADI,716,3A,3,Superfast,2,67,LD,3,1034
ADI,CNB,899,EC,5,Express,1,81,GN,0,1860
SBC,CNB,1275,2S,0,Duronto,3,50,TQ,1,537
PNBE,CNB,1520,2A,4,Superfast,2,32,GN,0,2915
MMCT,MAS,1260,EC,5,Superfast,2,29,GN,0,2926
HYB,MAO,1038,SL,1,Express,1,59,LD,3,452
HWH,ADI,999,3A,3,Express,1,3,TQ,1,1893
SBC,MAS,362,3A,3,Rajdhani,4,37,GN,0,664
MAS,SBC,362,1A,6,Rajdhani,4,46,GN,0,1506
SBC,HWH,752,CC,2,Superfast,2,32,PT,2,1051
JAT,MAS,740,CC,2,Passenger,0,17,PT,2,717
MAS,CNB,1059,2S,0,Express,1,51,GN,0,277
JAT,HYB,655,2S,0,Express,1,29,TQ,1,233
CNB,SBC,1321,2A,4,Passenger,0,75,LD,3,1847
ADI,HWH,525,3A,3,Duronto,3,54,LD,3,829
ADI,CNB,1493,1A,6,Superfast,2,17,TQ,1,6100
CNB,NDLS,440,2S,0,Superfast,2,43,TQ,1,172
PNBE,JAT,1176,2S,0,Passenger,0,38,PT,2,365
NDLS,MAO,415,2A,4,Duronto,3,42,LD,3,930
SBC,PNBE,480,EC,5,Express,1,24,LD,3,986
HWH,MAO,1274,CC,2,Superfast,2,11,TQ,1,1620
JAT,HYB,713,1A,6,Passenger,0,62,GN,0,1665
SBC,MMCT,1140,3A,3,Duronto,3,29,PT,2,2601
HYB,MMCT,1281,1A,6,Superfast,2,66,GN,0,4084
HWH,PNBE,532,2A,4,Rajdhani,4,16,LD,3,1354
CNB,MMCT,1146,2S,0,Duronto,3,16,TQ,1,488
PNBE,JAT,1322,2A,4,Passenger,0,73,PT,2,2670
SBC,HYB,625,3A,3,Duronto,3,0,TQ,1,1675
MMCT,PNBE,1588,2S,0,Duronto,3,67,PT,2,752
MAO,ADI,1292,SL,1,Passenger,0,5,GN,0,545
JAT,ADI,1060,CC,2,Superfast,2,50,TQ,1,1305
SBC,CSMT,1234,SL,1,Express,1,116,TQ,1,695
MAO,MMCT,580,CC,2,Rajdhani,4,30,TQ,1,902
JAT,HYB,947,CC,2,Rajdhani,4,89,TQ,1,1499
ADI,PNBE,1482,1A,6,Superfast,2,9,GN,0,5039
HWH,PNBE,532,2A,4,Superfast,2,26,GN,0,1073
NDLS,MMCT,1384,SL,1,Superfast,2,95,LD,3,686
SBC,PNBE,427,1A,6,Superfast,2,14,TQ,1,1936
JAT,ADI,1342,SL,1,Rajdhani,4,10,TQ,1,1147
ADI,CSMT,1314,2S,0,Superfast,2,107,TQ,1,492
NDLS,MAO,555,2A,4,Superfast,2,15,LD,3,1200
MMCT,JAT,372,CC,2,Superfast,2,19,LD,3,352
CSMT,SBC,420,CC,2,Passenger,0,27,LD,3,294
NDLS,JAT,580,CC,2,Rajdhani,4,49,PT,2,1013
NDLS,MAO,359,1A,6,Express,1,98,TQ,1,1351
SBC,HWH,838,2A,4,Rajdhani,4,2,LD,3,2929
NDLS,HWH,1447,CC,2,Rajdhani,4,28,GN,0,1682
JAT,CSMT,692,1A,6,Express,1,65,GN,0,1992
HWH,CNB,1007,CC,2,Duronto,3,79,TQ,1,1406
HYB,PNBE,1226,1A,6,Duronto,3,27,GN,0,4379
HWH,CSMT,380,SL,1,Superfast,2,1,LD,3,256
ADI,SBC,485,CC,2,Superfast,2,83,PT,2,657
MMCT,SBC,1191,3A,3,Passenger,0,63,GN,0,1199
HYB,MAO,701,3A,3,Rajdhani,4,76,PT,2,1843
CNB,PNBE,622,3A,3,Duronto,3,81,PT,2,1453
JAT,ADI,488,3A,3,Rajdhani,4,77,LD,3,880
HYB,JAT,826,EC,5,Passenger,0,90,GN,0,1400
NDLS,MAO,604,3A,3,Duronto,3,94,LD,3,974
SBC,MAO,512,1A,6,Duronto,3,47,LD,3,1871
SBC,CSMT,1119,2A,4,Rajdhani,4,30,LD,3,2815
HWH,CSMT,919,3A,3,Rajdhani,4,66,LD,3,1667
MAS,NDLS,819,2S,0,Superfast,2,43,TQ,1,313
HYB,NDLS,858,2S,0,Duronto,3,77,LD,3,291
HWH,CSMT,1255,CC,2,Rajdhani,4,8,LD,3,1576
SBC,NDLS,639,2A,4,Duronto,3,11,TQ,1,1983
HYB,SBC,625,EC,5,Rajdhani,4,54,LD,3,1878
CSMT,SBC,851,SL,1,Duronto,3,77,TQ,1,617
MAS,MAO,1268,CC,2,Duronto,3,34,LD,3,1298
HWH,PNBE,532,2A,4,Express,1,56,LD,3,934
MAO,PNBE,669,2S,0,Express,1,2,LD,3,241
MMCT,MAS,1568,EC,5,Duronto,3,70,TQ,1,5150
PNBE,ADI,976,SL,1,Superfast,2,48,LD,3,480
HWH,CSMT,1311,2A,4,Duronto,3,117,TQ,1,3690
NDLS,HYB,1116,SL,1,Express,1,118,LD,3,499
PNBE,HWH,532,SL,1,Superfast,2,82,GN,0,267
NDLS,MMCT,1384,EC,5,Duronto,3,24,LD,3,3559
MAS,HWH,1660,CC,2,Express,1,81,PT,2,1901
NDLS,JAT,580,SL,1,Duronto,3,31,LD,3,312
HWH,JAT,407,CC,2,Duronto,3,33,LD,3,449
JAT,CSMT,870,2A,4,Passenger,0,74,TQ,1,1614
MMCT,CNB,1137,SL,1,Passenger,0,115,GN,0,404
SBC,PNBE,689,2S,0,Express,1,32,PT,2,265
HYB,JAT,1133,EC,5,Superfast,2,93,LD,3,2675
CNB,MMCT,573,CC,2,Passenger,0,99,PT,2,577
CSMT,MAS,779,CC,2,Express,1,89,PT,2,925
CSMT,ADI,353,1A,6,Rajdhani,4,99,LD,3,1467
PNBE,JAT,940,CC,2,Express,1,21,TQ,1,1013
CSMT,CNB,755,SL,1,Duronto,3,64,GN,0,424
MAO,SBC,730,2A,4,Rajdhani,4,95,TQ,1,2426
SBC,MAS,362,SL,1,Passenger,0,13,TQ,1,166
MAS,MMCT,1123,1A,6,Superfast,2,8,PT,2,5562
MAO,SBC,1328,SL,1,Rajdhani,4,1,GN,0,1123
NDLS,JAT,580,2S,0,Rajdhani,4,12,TQ,1,307
NDLS,PNBE,998,EC,5,Superfast,2,119,LD,3,2386
HWH,MAO,1229,3A,3,Superfast,2,87,PT,2,2486
SBC,HWH,1166,SL,1,Passenger,0,7,PT,2,642
HWH,MMCT,356,SL,1,Express,1,92,TQ,1,189
MAO,MMCT,580,3A,3,Duronto,3,47,LD,3,930
JAT,CNB,1323,EC,5,Express,1,84,TQ,1,3443
JAT,HWH,384,CC,2,Superfast,2,111,GN,0,378
CNB,HWH,1007,2A,4,Passenger,0,62,LD,3,1457
MAO,MMCT,580,SL,1,Express,1,84,GN,0,263
PNBE,MAS,1593,2A,4,Duronto,3,111,GN,0,3387
ADI,MMCT,967,2S,0,Passenger,0,111,LD,3,199
ADI,MMCT,1337,CC,2,Passenger,0,30,TQ,1,1134
CSMT,JAT,533,1A,6,Express,1,91,GN,0,1518
HWH,PNBE,532,2A,4,Superfast,2,85,LD,3,1089
JAT,MMCT,628,EC,5,Express,1,11,PT,2,2009
SBC,MAO,1580,1A,6,Superfast,2,48,LD,3,4948
JAT,HYB,1244,2S,0,Duronto,3,28,PT,2,581
MAS,MMCT,578,1A,6,Superfast,2,94,TQ,1,2483
MMCT,MAO,580,2A,4,Superfast,2,48,GN,0,1165
NDLS,MAO,1446,2A,4,Express,1,54,PT,2,3535
HWH,JAT,608,EC,5,Passenger,0,75,TQ,1,1336
PNBE,NDLS,998,2S,0,Express,1,40,TQ,1,353
MAS,SBC,362,CC,2,Express,1,18,PT,2,425
CNB,JAT,420,EC,5,Superfast,2,39,GN,0,998
CNB,MAO,1329,CC,2,Duronto,3,63,PT,2,1989
PNBE,NDLS,998,2A,4,Duronto,3,108,TQ,1,2923
CNB,NDLS,440,2S,0,Express,1,93,LD,3,120
JAT,CSMT,394,EC,5,Express,1,43,LD,3,825
ADI,HWH,1151,SL,1,Rajdhani,4,67,PT,2,1039
CNB,SBC,1472,SL,1,Rajdhani,4,16,PT,2,1311
MAO,NDLS,972,SL,1,Duronto,3,73,TQ,1,711
CNB,ADI,946,2A,4,Duronto,3,27,TQ,1,2771
JAT,NDLS,580,CC,2,Passenger,0,13,TQ,1,542
PNBE,JAT,694,1A,6,Rajdhani,4,45,LD,3,2872
NDLS,MMCT,1384,CC,2,Superfast,2,75,LD,3,1263
JAT,PNBE,851,1A,6,Rajdhani,4,30,LD,3,3534
MAS,MAO,703,CC,2,Express,1,99,GN,0,593
ADI,JAT,1132,3A,3,Express,1,47,GN,0,1377
MMCT,CNB,599,SL,1,Passenger,0,28,GN,0,220
MAO,CNB,1332,3A,3,Rajdhani,4,101,TQ,1,3022
ADI,JAT,1238,3A,3,Passenger,0,16,GN,0,1228
MMCT,HYB,728,SL,1,Rajdhani,4,50,LD,3,451
HYB,MAO,1453,CC,2,Rajdhani,4,96,TQ,1,2196
JAT,MMCT,720,2S,0,Passenger,0,88,TQ,1,188
HYB,ADI,993,1A,6,Rajdhani,4,16,TQ,1,5366
CSMT,MMCT,1501,3A,3,Rajdhani,4,10,GN,0,2799
MAS,HWH,1660,2A,4,Express,1,120,GN,0,2748
MAS,NDLS,1413,2S,0,Superfast,2,84,LD,3,401
MAO,ADI,990,EC,5,Superfast,2,77,TQ,1,3085
MMCT,JAT,441,2A,4,Rajdhani,4,24,TQ,1,1454
SBC,CSMT,1583,EC,5,Duronto,3,75,PT,2,5795
CSMT,MAO,580,1A,6,Passenger,0,32,PT,2,1972
JAT,CSMT,1169,SL,1,Rajdhani,4,120,PT,2,1066
PNBE,CSMT,1447,2A,4,Rajdhani,4,80,PT,2,5121
CNB,JAT,744,CC,2,Superfast,2,72,TQ,1,922
CSMT,HWH,1238,SL,1,Rajdhani,4,77,TQ,1,987
MAS,MMCT,1438,1A,6,Passenger,0,52,GN,0,3232
JAT,MMCT,1093,3A,3,Superfast,2,18,TQ,1,2008
NDLS,MMCT,1384,2A,4,Express,1,13,GN,0,2515
HYB,MAS,1555,2S,0,Express,1,12,PT,2,605
MAO,MAS,1479,3A,3,Passenger,0,12,GN,0,1551
HWH,PNBE,532,3A,3,Passenger,0,70,LD,3,544
MAO,CSMT,580,1A,6,Passenger,0,91,TQ,1,1776
CSMT,CNB,1125,EC,5,Superfast,2,6,PT,2,4431
SBC,JAT,1596,SL,1,Express,1,23,LD,3,662
ADI,HYB,937,3A,3,Express,1,66,TQ,1,1513
JAT,MMCT,975,SL,1,Superfast,2,108,GN,0,498
MMCT,CNB,841,1A,6,Duronto,3,73,GN,0,3071
CNB,MAS,1484,SL,1,Rajdhani,4,54,TQ,1,1177
ADI,HYB,1440,CC,2,Rajdhani,4,51,GN,0,1668
SBC,NDLS,1220,CC,2,Passenger,0,95,PT,2,1169
CNB,JAT,1431,CC,2,Passenger,0,5,LD,3,1156
CSMT,JAT,1422,2A,4,Duronto,3,9,PT,2,4702
CSMT,HYB,1073,1A,6,Express,1,63,LD,3,3035
HWH,MMCT,1042,CC,2,Duronto,3,106,GN,0,1098
MAS,ADI,951,3A,3,Duronto,3,0,LD,3,2086
MAS,JAT,1405,2S,0,Rajdhani,4,119,LD,3,530
MAO,ADI,467,3A,3,Rajdhani,4,78,LD,3,839
MAS,HWH,1660,1A,6,Superfast,2,113,TQ,1,6721
HWH,NDLS,1447,SL,1,Express,1,25,GN,0,611
HYB,CSMT,1191,1A,6,Express,1,0,TQ,1,5615
JAT,MAS,813,SL,1,Express,1,47,PT,2,515
PNBE,CSMT,1448,2S,0,Superfast,2,13,LD,3,461
ADI,CSMT,636,3A,3,Express,1,0,PT,2,1465
CNB,SBC,576,2A,4,Superfast,2,5,TQ,1,1764
PNBE,HWH,532,2A,4,Duronto,3,61,PT,2,1720
PNBE,ADI,1476,SL,1,Duronto,3,41,LD,3,796
CNB,PNBE,619,1A,6,Rajdhani,4,101,GN,0,2559
CSMT,HWH,1374,1A,6,Duronto,3,6,PT,2,8099
MAO,NDLS,1239,SL,1,Superfast,2,36,LD,3,598
PNBE,SBC,662,CC,2,Passenger,0,23,TQ,1,580
MMCT,MAS,856,CC,2,Express,1,25,LD,3,719
MMCT,HYB,721,2A,4,Passenger,0,80,TQ,1,1340
MMCT,CSMT,1171,1A,6,Superfast,2,24,TQ,1,4913
NDLS,MAO,758,1A,6,Rajdhani,4,48,LD,3,3150
MAS,JAT,823,2A,4,Superfast,2,54,LD,3,1647
HYB,PNBE,455,3A,3,Rajdhani,4,34,PT,2,1187
HWH,PNBE,532,3A,3,Rajdhani,4,23,GN,0,947
NDLS,JAT,580,2A,4,Superfast,2,60,PT,2,1712
MAO,MMCT,580,2A,4,Superfast,2,62,PT,2,1693
MAS,MMCT,548,CC,2,Rajdhani,4,87,TQ,1,854
HWH,CNB,1007,EC,5,Passenger,0,47,TQ,1,2235
MAS,SBC,362,SL,1,Rajdhani,4,113,GN,0,220
JAT,MAO,596,1A,6,Passenger,0,116,TQ,1,1811
CNB,ADI,552,1A,6,Passenger,0,79,PT,2,1875
CNB,ADI,763,EC,5,Duronto,3,5,TQ,1,3078
PNBE,HYB,867,2S,0,Passenger,0,44,PT,2,270
JAT,MMCT,1243,1A,6,Express,1,53,GN,0,3455
MAO,MAS,614,3A,3,Rajdhani,4,72,GN,0,1121
CNB,SBC,1164,SL,1,Passenger,0,111,GN,0,402
ADI,HYB,1136,EC,5,Express,1,51,PT,2,3360
CSMT,NDLS,1384,EC,5,Duronto,3,75,GN,0,3557
HYB,ADI,1381,CC,2,Passenger,0,33,PT,2,1326
SBC,MAS,362,EC,5,Rajdhani,4,21,TQ,1,1405
HYB,SBC,625,1A,6,Duronto,3,120,PT,2,3336
CSMT,MAS,455,CC,2,Duronto,3,105,TQ,1,631
MMCT,NDLS,1384,CC,2,Passenger,0,47,PT,2,1304
CNB,HYB,890,CC,2,Duronto,3,52,PT,2,1369
NDLS,JAT,580,2S,0,Superfast,2,28,PT,2,245
MAS,NDLS,1450,CC,2,Passenger,0,13,LD,3,1038
JAT,MAS,1587,EC,5,Duronto,3,104,LD,3,4002
HWH,MAS,1660,EC,5,Express,1,19,LD,3,3256
CNB,PNBE,1104,2A,4,Express,1,11,LD,3,2057
ADI,CSMT,710,2A,4,Passenger,0,62,TQ,1,1333
MAS,NDLS,985,2A,4,Duronto,3,104,LD,3,2219
MAO,SBC,492,2A,4,Rajdhani,4,54,TQ,1,1627
JAT,PNBE,555,CC,2,Passenger,0,17,GN,0,382
MMCT,PNBE,1136,1A,6,Rajdhani,4,105,GN,0,4651
JAT,NDLS,580,2A,4,Rajdhani,4,34,TQ,1,1934
JAT,MAO,377,2S,0,Rajdhani,4,101,GN,0,146
CNB,HWH,1007,2A,4,Duronto,3,61,LD,3,2272
CSMT,MAS,1029,SL,1,Duronto,3,31,GN,0,579
CNB,MAS,1463,1A,6,Rajdhani,4,105,GN,0,5802
HYB,MAS,560,EC,5,Express,1,18,GN,0,1177
SBC,NDLS,814,SL,1,Express,1,18,PT,2,524
MAS,SBC,362,CC,2,Rajdhani,4,62,TQ,1,554
SBC,MMCT,927,3A,3,Rajdhani,4,78,PT,2,2420
HWH,MMCT,438,EC,5,Duronto,3,22,LD,3,1167
HWH,MAO,721,CC,2,Express,1,19,PT,2,873
MAS,HWH,1660,3A,3,Express,1,84,PT,2,2853
MAS,MMCT,354,2S,0,Duronto,3,99,TQ,1,151
CSMT,PNBE,1264,CC,2,Express,1,104,GN,0,1009
MAO,PNBE,920,2A,4,Rajdhani,4,41,TQ,1,3035
PNBE,HWH,532,SL,1,Express,1,61,LD,3,238
JAT,HWH,633,2S,0,Duronto,3,49,LD,3,216
ADI,HYB,1443,SL,1,Passenger,0,68,TQ,1,644
MMCT,MAO,580,EC,5,Passenger,0,99,TQ,1,1291
MMCT,SBC,1090,1A,6,Duronto,3,108,GN,0,3947
HYB,ADI,623,1A,6,Rajdhani,4,116,PT,2,3748
CSMT,MAS,1292,2A,4,Passenger,0,119,LD,3,1795
SBC,CNB,464,CC,2,Duronto,3,15,TQ,1,678
CNB,NDLS,440,3A,3,Rajdhani,4,89,GN,0,802
MAO,MMCT,580,2S,0,Passenger,0,111,TQ,1,148
CSMT,HWH,639,1A,6,Duronto,3,9,GN,0,2532
PNBE,CSMT,723,SL,1,Duronto,3,95,PT,2,590
PNBE,HWH,532,2S,0,Rajdhani,4,36,GN,0,193
NDLS,JAT,580,EC,5,Duronto,3,64,TQ,1,1992
PNBE,CNB,1280,EC,5,Superfast,2,117,PT,2,4311
SBC,PNBE,671,3A,3,Rajdhani,4,66,LD,3,1229
CSMT,SBC,1170,EC,5,Rajdhani,4,28,LD,3,3448
CNB,HYB,1589,2S,0,Rajdhani,4,104,LD,3,578
HWH,JAT,1179,2S,0,Express,1,21,GN,0,315
HWH,JAT,1218,2A,4,Superfast,2,13,GN,0,2578
HWH,MAO,1037,1A,6,Duronto,3,36,TQ,1,4920
MMCT,CNB,783,EC,5,Rajdhani,4,96,PT,2,3414
HYB,SBC,625,2A,4,Superfast,2,10,GN,0,1366
ADI,NDLS,934,3A,3,Rajdhani,4,120,PT,2,2435
HWH,MAS,1660,EC,5,Duronto,3,40,LD,3,4186
HWH,CSMT,549,3A,3,Express,1,114,GN,0,687
CSMT,NDLS,1384,2S,0,Express,1,61,GN,0,346
CSMT,CNB,1298,1A,6,Rajdhani,4,91,TQ,1,6801
SBC,JAT,638,2S,0,Duronto,3,64,PT,2,312
CSMT,HWH,945,3A,3,Passenger,0,109,LD,3,953
CNB,JAT,1143,2A,4,Duronto,3,78,GN,0,2539
CSMT,MAO,580,1A,6,Rajdhani,4,18,PT,2,3494
MMCT,ADI,542,SL,1,Superfast,2,21,PT,2,387
MMCT,MAS,1530,3A,3,Superfast,2,11,GN,0,2248
CNB,ADI,878,SL,1,Superfast,2,97,LD,3,449
CSMT,MMCT,1514,SL,1,Rajdhani,4,46,PT,2,1332
PNBE,MAO,614,SL,1,Superfast,2,65,PT,2,447
MMCT,JAT,1196,EC,5,Express,1,33,GN,0,2435
JAT,NDLS,580,CC,2,Passenger,0,1,TQ,1,676
MMCT,MAS,1119,2A,4,Passenger,0,51,GN,0,1580
PNBE,ADI,541,3A,3,Express,1,59,LD,3,663
MMCT,CSMT,571,SL,1,Express,1,25,LD,3,246
MMCT,HWH,1051,EC,5,Express,1,27,LD,3,2158
MAS,ADI,428,EC,5,Duronto,3,60,TQ,1,1484
SBC,HWH,1513,1A,6,Passenger,0,99,LD,3,3375
HWH,PNBE,532,2A,4,Rajdhani,4,27,GN,0,1369
JAT,PNBE,902,3A,3,Duronto,3,10,TQ,1,1975
MAS,PNBE,517,3A,3,Express,1,111,LD,3,646
SBC,JAT,881,2A,4,Rajdhani,4,11,LD,3,2417
MAS,CSMT,756,3A,3,Express,1,61,LD,3,945
CNB,CSMT,1244,3A,3,Passenger,0,49,GN,0,1241
MAO,SBC,509,CC,2,Passenger,0,78,TQ,1,447
JAT,HWH,379,2A,4,Express,1,119,TQ,1,865
HWH,MMCT,1182,3A,3,Passenger,0,92,GN,0,1182
CSMT,JAT,1270,CC,2,Passenger,0,12,GN,0,899
CNB,SBC,1210,CC,2,Passenger,0,99,TQ,1,1051
PNBE,SBC,1062,2A,4,Duronto,3,86,GN,0,2364
HWH,NDLS,1447,3A,3,Passenger,0,104,GN,0,1425
ADI,JAT,1283,SL,1,Express,1,45,PT,2,806
HYB,PNBE,1421,2S,0,Superfast,2,14,TQ,1,570
PNBE,HWH,532,EC,5,Passenger,0,20,LD,3,904
MAS,JAT,1245,CC,2,Superfast,2,89,GN,0,1145
MMCT,CNB,383,EC,5,Express,1,13,LD,3,869
MAO,HYB,554,CC,2,Express,1,64,GN,0,467
MAS,PNBE,783,2A,4,Express,1,70,LD,3,1364
SBC,ADI,604,3A,3,Express,1,52,LD,3,739
HWH,SBC,1389,3A,3,Superfast,2,112,PT,2,2772
PNBE,JAT,844,1A,6,Express,1,4,GN,0,2933
CSMT,HWH,1412,2S,0,Passenger,0,40,PT,2,416
MAO,PNBE,845,EC,5,Express,1,24,LD,3,1768
NDLS,MAO,1228,2A,4,Express,1,93,TQ,1,2730
HWH,HYB,674,SL,1,Duronto,3,12,TQ,1,525
MMCT,JAT,1531,2S,0,Express,1,107,PT,2,569
HYB,CSMT,1010,2A,4,Rajdhani,4,11,GN,0,2772
NDLS,JAT,580,2A,4,Rajdhani,4,79,GN,0,1479
PNBE,NDLS,998,SL,1,Superfast,2,23,TQ,1,662
SBC,MAS,362,EC,5,Duronto,3,92,LD,3,972
MAS,JAT,455,3A,3,Rajdhani,4,119,TQ,1,1075
NDLS,JAT,580,2S,0,Rajdhani,4,14,LD,3,254
MAO,MMCT,580,2A,4,Superfast,2,33,TQ,1,1508
MMCT,ADI,1090,2S,0,Duronto,3,50,GN,0,364
NDLS,PNBE,998,SL,1,Rajdhani,4,26,LD,3,634
HWH,JAT,1273,2S,0,Duronto,3,23,PT,2,591
CSMT,JAT,1511,CC,2,Passenger,0,109,GN,0,971
HWH,CNB,1007,EC,5,Passenger,0,69,GN,0,1706
HYB,MAS,599,2A,4,Passenger,0,3,GN,0,1054
HYB,CSMT,792,2S,0,Superfast,2,14,TQ,1,316
HWH,CSMT,800,1A,6,Duronto,3,34,PT,2,4252
SBC,MMCT,1063,CC,2,Passenger,0,83,PT,2,1042
CNB,ADI,1243,EC,5,Express,1,118,TQ,1,3262
CSMT,SBC,925,SL,1,Rajdhani,4,74,PT,2,846
SBC,ADI,1237,SL,1,Express,1,76,PT,2,779
HWH,MAO,570,EC,5,Express,1,54,TQ,1,1544
HWH,CNB,1007,SL,1,Duronto,3,113,GN,0,582
HYB,MAS,1551,SL,1,Superfast,2,77,PT,2,1079
NDLS,MMCT,1384,2S,0,Superfast,2,54,TQ,1,521
SBC,MMCT,790,CC,2,Superfast,2,47,TQ,1,992
HWH,MMCT,369,3A,3,Rajdhani,4,91,PT,2,958
ADI,MAO,1008,2A,4,Passenger,0,8,LD,3,1558
MAO,SBC,1429,2A,4,Rajdhani,4,71,PT,2,5066
MAO,JAT,503,EC,5,Express,1,87,LD,3,1041
HWH,SBC,753,1A,6,Express,1,63,GN,0,2150
PNBE,MMCT,604,SL,1,Duronto,3,76,PT,2,496
PNBE,SBC,1530,1A,6,Superfast,2,2,GN,0,6641
ADI,MAS,618,2S,0,Express,1,4,GN,0,194
JAT,NDLS,580,SL,1,Rajdhani,4,106,LD,3,378
MAS,CNB,999,2S,0,Superfast,2,51,GN,0,306
HWH,ADI,446,SL,1,Superfast,2,89,LD,3,225
JAT,MMCT,1115,EC,5,Rajdhani,4,3,TQ,1,5023
NDLS,CSMT,1384,3A,3,Express,1,28,TQ,1,2147
SBC,HWH,1450,1A,6,Rajdhani,4,33,GN,0,5756
NDLS,MAS,503,3A,3,Superfast,2,88,LD,3,714
CNB,CSMT,632,EC,5,Express,1,15,TQ,1,1807
CSMT,MAO,580,CC,2,Express,1,85,GN,0,483
HYB,SBC,625,SL,1,Express,1,35,PT,2,408
CNB,ADI,812,1A,6,Superfast,2,98,PT,2,3885
MMCT,HWH,1493,2S,0,Duronto,3,84,TQ,1,632
MMCT,CNB,1362,1A,6,Duronto,3,1,TQ,1,8085
PNBE,SBC,1348,1A,6,Superfast,2,26,PT,2,6221
MAS,ADI,665,2S,0,Passenger,0,13,TQ,1,191
HWH,PNBE,532,2S,0,Passenger,0,65,TQ,1,158
PNBE,SBC,490,3A,3,Express,1,21,PT,2,902
MAO,JAT,559,2A,4,Express,1,112,GN,0,990
MMCT,SBC,383,SL,1,Duronto,3,34,GN,0,216
JAT,HYB,1277,3A,3,Superfast,2,15,GN,0,1915
PNBE,SBC,658,SL,1,Passenger,0,55,PT,2,331
ADI,MAS,1107,1A,6,Rajdhani,4,83,LD,3,4545
PNBE,SBC,952,2A,4,Express,1,22,PT,2,2424
MAO,ADI,1412,SL,1,Rajdhani,4,87,GN,0,870
SBC,MMCT,799,1A,6,Rajdhani,4,114,GN,0,3322
MAS,SBC,362,EC,5,Rajdhani,4,35,TQ,1,1432
MAO,PNBE,1152,SL,1,Rajdhani,4,28,PT,2,1047
SBC,CSMT,766,3A,3,Superfast,2,90,PT,2,1601
NDLS,MMCT,1384,EC,5,Passenger,0,61,PT,2,3304
CNB,SBC,698,3A,3,Rajdhani,4,21,TQ,1,1636
ADI,CSMT,376,CC,2,Express,1,54,PT,2,438
CSMT,MAS,507,2A,4,Rajdhani,4,76,PT,2,1871
MAO,NDLS,1350,2S,0,Duronto,3,60,GN,0,426
NDLS,MAO,945,2S,0,Duronto,3,67,TQ,1,425
CSMT,MMCT,554,3A,3,Superfast,2,57,LD,3,803
HWH,HYB,877,CC,2,Express,1,32,PT,2,1057
NDLS,HWH,1447,CC,2,Superfast,2,114,LD,3,1314
MAS,JAT,1413,CC,2,Rajdhani,4,18,LD,3,1648
SBC,JAT,640,3A,3,Express,1,3,TQ,1,1218
CNB,PNBE,1086,2A,4,Rajdhani,4,24,LD,3,2740
MMCT,MAS,1465,SL,1,Passenger,0,22,PT,2,748
JAT,HWH,1028,SL,1,Passenger,0,53,PT,2,530
SBC,NDLS,1536,EC,5,Superfast,2,106,GN,0,3496
ADI,MAO,1060,3A,3,Rajdhani,4,1,LD,3,2640
JAT,CSMT,1305,CC,2,Duronto,3,66,PT,2,1954
HYB,JAT,683,3A,3,Express,1,36,GN,0,863
MAS,NDLS,1279,1A,6,Duronto,3,36,GN,0,4536
ADI,MAS,360,SL,1,Superfast,2,84,GN,0,168
MAS,CSMT,1067,3A,3,Passenger,0,85,TQ,1,1421
MMCT,MAS,642,CC,2,Duronto,3,55,GN,0,676
SBC,NDLS,1319,3A,3,Duronto,3,103,LD,3,2034
PNBE,MMCT,885,3A,3,Passenger,0,39,TQ,1,1180
PNBE,JAT,1010,2S,0,Passenger,0,17,TQ,1,278
CSMT,PNBE,1485,2A,4,Superfast,2,39,GN,0,2858
MAO,JAT,1294,EC,5,Duronto,3,48,LD,3,3325
CSMT,HYB,1255,CC,2,Superfast,2,64,PT,2,1691
HWH,PNBE,532,SL,1,Express,1,59,GN,0,248
HYB,NDLS,1212,1A,6,Duronto,3,78,PT,2,6301
SBC,MAO,1398,3A,3,Duronto,3,79,PT,2,3096
PNBE,CSMT,1175,CC,2,Rajdhani,4,59,LD,3,1398
NDLS,MMCT,1384,3A,3,Rajdhani,4,42,GN,0,2420
MAS,MAO,1336,CC,2,Superfast,2,110,GN,0,1222
CNB,MAO,1396,CC,2,Rajdhani,4,89,TQ,1,2104
CSMT,HYB,1364,2A,4,Duronto,3,114,TQ,1,3834
JAT,MAS,363,2S,0,Express,1,79,TQ,1,120
MMCT,NDLS,1384,EC,5,Rajdhani,4,66,GN,0,4006
SBC,MMCT,1320,1A,6,Passenger,0,56,LD,3,2985
MMCT,MAS,1178,SL,1,Duronto,3,104,TQ,1,856
HYB,MAS,1249,2S,0,Passenger,0,15,LD,3,273
JAT,NDLS,580,2A,4,Duronto,3,21,TQ,1,1694
ADI,MAS,942,CC,2,Rajdhani,4,75,LD,3,1131
JAT,MAS,1151,SL,1,Rajdhani,4,59,LD,3,732
PNBE,CSMT,407,3A,3,Express,1,15,LD,3,533
MAO,MAS,419,CC,2,Passenger,0,56,GN,0,300
HWH,CSMT,1308,CC,2,Express,1,35,GN,0,1043
HWH,HYB,1380,2A,4,Superfast,2,115,LD,3,2682
MMCT,CSMT,660,3A,3,Passenger,0,43,LD,3,682
CSMT,MAS,970,SL,1,Rajdhani,4,117,LD,3,616
ADI,MAO,719,EC,5,Passenger,0,99,PT,2,1766
CNB,HWH,1007,EC,5,Superfast,2,74,LD,3,2393
NDLS,CNB,440,2A,4,Rajdhani,4,85,GN,0,1120
JAT,ADI,1012,2S,0,Duronto,3,98,TQ,1,433
CSMT,PNBE,1210,1A,6,Rajdhani,4,78,PT,2,7103
NDLS,MMCT,1384,2S,0,Superfast,2,77,GN,0,418
CSMT,HWH,570,CC,2,Express,1,48,TQ,1,622
MAO,HYB,759,2A,4,Superfast,2,62,LD,3,1538
MAS,SBC,362,CC,2,Duronto,3,55,TQ,1,488
MAO,NDLS,547,2A,4,Rajdhani,4,103,TQ,1,1823
NDLS,HWH,1447,EC,5,Passenger,0,110,GN,0,2359
CSMT,JAT,1431,SL,1,Duronto,3,106,TQ,1,1008
ADI,HYB,1071,3A,3,Passenger,0,115,TQ,1,1421
MMCT,ADI,1225,CC,2,Express,1,111,GN,0,996
MMCT,CSMT,1409,3A,3,Rajdhani,4,15,LD,3,2635
NDLS,MAO,1457,3A,3,Rajdhani,4,28,PT,2,3672
MAS,PNBE,1082,1A,6,Duronto,3,36,GN,0,3928
MAO,SBC,1410,EC,5,Passenger,0,39,LD,3,2313
NDLS,HYB,577,EC,5,Express,1,119,PT,2,1745
NDLS,CNB,440,SL,1,Superfast,2,25,PT,2,336
NDLS,CSMT,1384,EC,5,Superfast,2,118,GN,0,3176
ADI,MMCT,1504,EC,5,Rajdhani,4,44,GN,0,4342
PNBE,MAO,515,EC,5,Express,1,16,PT,2,1561
NDLS,MMCT,1384,SL,1,Passenger,0,28,PT,2,695
ADI,MAS,816,1A,6,Rajdhani,4,3,TQ,1,5154
MAO,PNBE,387,EC,5,Express,1,6,LD,3,991
PNBE,CSMT,1230,CC,2,Express,1,70,TQ,1,1284
ADI,MMCT,1103,3A,3,Duronto,3,43,LD,3,1753
NDLS,SBC,825,1A,6,Passenger,0,1,TQ,1,3253
CNB,HYB,1513,1A,6,Rajdhani,4,111,TQ,1,7802
NDLS,MMCT,1384,2A,4,Express,1,23,PT,2,3376
HWH,CNB,1007,CC,2,Duronto,3,37,TQ,1,1396
PNBE,ADI,600,CC,2,Rajdhani,4,9,PT,2,1122
HYB,SBC,625,CC,2,Superfast,2,114,TQ,1,776
CNB,MAS,1101,2S,0,Passenger,0,37,TQ,1,306
MAS,HWH,1660,EC,5,Rajdhani,4,6,PT,2,7917
PNBE,MAO,1345,3A,3,Rajdhani,4,26,TQ,1,3063
HYB,SBC,625,CC,2,Passenger,0,26,GN,0,422
CNB,CSMT,423,2A,4,Express,1,83,LD,3,757
MMCT,NDLS,1384,2S,0,Rajdhani,4,34,PT,2,743
PNBE,MAS,523,1A,6,Superfast,2,109,LD,3,1723
NDLS,PNBE,998,SL,1,Rajdhani,4,28,TQ,1,825
CSMT,JAT,1232,EC,5,Rajdhani,4,84,PT,2,5233
HYB,HWH,403,EC,5,Superfast,2,118,PT,2,1406
MAO,SBC,406,3A,3,Passenger,0,55,LD,3,426
CNB,NDLS,440,EC,5,Express,1,92,PT,2,1339
HYB,ADI,1218,EC,5,Passenger,0,98,PT,2,2927
PNBE,ADI,837,2A,4,Rajdhani,4,35,PT,2,3076
SBC,HYB,625,3A,3,Passenger,0,50,GN,0,643
MAS,HWH,1660,CC,2,Superfast,2,100,GN,0,1490
MAS,MAO,1007,2S,0,Superfast,2,108,TQ,1,397
ADI,NDLS,934,1A,6,Express,1,4,PT,2,4468
JAT,HYB,796,SL,1,Rajdhani,4,74,GN,0,501
MAO,HYB,993,1A,6,Express,1,23,PT,2,4133
MAS,CNB,1363,2A,4,Duronto,3,80,TQ,1,3826
MAO,JAT,451,2A,4,Rajdhani,4,83,GN,0,1138
JAT,HYB,1251,EC,5,Superfast,2,5,TQ,1,4406
CNB,MAS,877,1A,6,Superfast,2,69,GN,0,2893
SBC,HWH,573,1A,6,Passenger,0,56,GN,0,1347
MMCT,SBC,767,3A,3,Passenger,0,47,LD,3,771
JAT,PNBE,929,2A,4,Rajdhani,4,41,PT,2,3425
PNBE,JAT,1117,SL,1,Superfast,2,79,GN,0,547
HWH,NDLS,1447,2A,4,Passenger,0,3,GN,0,2438
SBC,HWH,1396,CC,2,Passenger,0,100,PT,2,1341
SBC,PNBE,1543,1A,6,Duronto,3,48,GN,0,5400
MMCT,SBC,1507,EC,5,Passenger,0,80,LD,3,2454
CNB,MMCT,1430,2S,0,Rajdhani,4,77,LD,3,531
HYB,CNB,1253,3A,3,Superfast,2,24,PT,2,2549
SBC,HWH,847,2S,0,Superfast,2,29,LD,3,252
CNB,MMCT,843,SL,1,Express,1,46,GN,0,367
HYB,CNB,506,3A,3,Express,1,77,TQ,1,819
PNBE,SBC,1516,2S,0,Duronto,3,118,TQ,1,643
PNBE,JAT,1547,CC,2,Duronto,3,77,PT,2,2283
MAS,HWH,1660,1A,6,Rajdhani,4,52,LD,3,6521
CSMT,MAO,580,CC,2,Duronto,3,115,TQ,1,815
ADI,NDLS,934,1A,6,Express,1,33,LD,3,2683
MMCT,CSMT,419,2S,0,Express,1,3,TQ,1,154
CSMT,HYB,1434,SL,1,Express,1,45,TQ,1,784
CNB,HYB,844,CC,2,Superfast,2,15,PT,2,1247
HWH,MAO,1596,EC,5,Rajdhani,4,92,GN,0,4552
CNB,HWH,1007,SL,1,Express,1,94,LD,3,437
ADI,CSMT,725,CC,2,Passenger,0,117,GN,0,484
NDLS,MAO,1564,3A,3,Express,1,48,PT,2,2688
CSMT,HYB,1554,3A,3,Rajdhani,4,29,PT,2,3878
HWH,NDLS,1447,EC,5,Passenger,0,74,LD,3,2358
HWH,PNBE,532,2S,0,Duronto,3,18,GN,0,191
CNB,SBC,1231,EC,5,Superfast,2,73,PT,2,4146
HWH,MAS,1660,1A,6,Superfast,2,35,LD,3,5171
SBC,CSMT,940,3A,3,Passenger,0,96,GN,0,976
SBC,JAT,920,2A,4,Rajdhani,4,26,TQ,1,3030
MAO,NDLS,1455,EC,5,Duronto,3,0,LD,3,5126
NDLS,HWH,1447,3A,3,Passenger,0,54,LD,3,1419
CSMT,ADI,954,1A,6,Rajdhani,4,56,LD,3,3963
MAS,MMCT,630,3A,3,Rajdhani,4,45,GN,0,1147
SBC,MMCT,1019,2A,4,Passenger,0,42,PT,2,2120
JAT,HYB,501,CC,2,Superfast,2,114,GN,0,477
MMCT,HYB,1000,2A,4,Passenger,0,84,GN,0,1455
JAT,CNB,366,2A,4,Duronto,3,75,LD,3,834
SBC,JAT,750,3A,3,Express,1,19,LD,3,947
CSMT,ADI,928,2A,4,Duronto,3,81,GN,0,2100
HYB,SBC,625,SL,1,Rajdhani,4,62,TQ,1,526
CSMT,NDLS,1384,CC,2,Superfast,2,78,LD,3,1279
MAO,SBC,1064,SL,1,Passenger,0,84,TQ,1,507
MAS,SBC,362,CC,2,Express,1,62,LD,3,304
HWH,HYB,1335,3A,3,Rajdhani,4,28,GN,0,2347
MAS,PNBE,1265,3A,3,Duronto,3,84,LD,3,1950
CSMT,ADI,1003,CC,2,Rajdhani,4,44,LD,3,1216
CSMT,ADI,1351,EC,5,Express,1,87,TQ,1,3507
MAS,CNB,1389,2A,4,Express,1,7,PT,2,3582
JAT,HWH,1192,SL,1,Express,1,54,LD,3,506
NDLS,MAS,1344,CC,2,Duronto,3,43,GN,0,1375
ADI,PNBE,803,EC,5,Duronto,3,68,TQ,1,2786
JAT,MMCT,1600,3A,3,Duronto,3,77,GN,0,2439
CNB,NDLS,440,1A,6,Superfast,2,116,PT,2,2111
HYB,MMCT,450,EC,5,Duronto,3,46,TQ,1,1546
HYB,PNBE,819,3A,3,Duronto,3,116,PT,2,1890
PNBE,SBC,1482,CC,2,Duronto,3,120,GN,0,1494
NDLS,HYB,559,EC,5,Express,1,101,LD,3,1148
CSMT,MAS,967,1A,6,Duronto,3,80,TQ,1,4594
MAS,MMCT,1123,CC,2,Express,1,16,PT,2,1346
MMCT,CNB,501,EC,5,Express,1,2,GN,0,1445
HYB,MAO,660,1A,6,Passenger,0,101,LD,3,1541
MAO,MAS,1012,SL,1,Passenger,0,95,GN,0,359
MAS,ADI,765,1A,6,Superfast,2,83,LD,3,2517
MAS,PNBE,540,2A,4,Express,1,71,PT,2,1374
MAS,HYB,1387,2A,4,Express,1,2,LD,3,3241
PNBE,HWH,532,CC,2,Rajdhani,4,57,TQ,1,837
NDLS,PNBE,998,SL,1,Superfast,2,61,GN,0,510
MAS,HWH,1660,2S,0,Rajdhani,4,12,TQ,1,820
ADI,MAO,861,1A,6,Duronto,3,51,LD,3,3158
CNB,MAO,826,1A,6,Express,1,32,LD,3,2360
CNB,HWH,1007,1A,6,Superfast,2,88,LD,3,3327
NDLS,MAS,778,2S,0,Passenger,0,101,LD,3,170
ADI,HWH,832,3A,3,Express,1,90,LD,3,1038
HYB,MMCT,565,SL,1,Rajdhani,4,48,TQ,1,478
NDLS,CSMT,1384,CC,2,Rajdhani,4,21,TQ,1,2086
MMCT,NDLS,1384,SL,1,Duronto,3,80,LD,3,739
CNB,HYB,1206,SL,1,Rajdhani,4,37,GN,0,749
MAS,JAT,905,EC,5,Superfast,2,78,PT,2,3139
JAT,CSMT,639,3A,3,Passenger,0,87,TQ,1,859
MAO,HWH,1413,EC,5,Superfast,2,60,LD,3,3234
HWH,CSMT,686,EC,5,Express,1,1,PT,2,2607
CSMT,CNB,1313,1A,6,Rajdhani,4,39,TQ,1,6851
CNB,MMCT,1451,SL,1,Superfast,2,12,GN,0,763
ADI,MAO,670,1A,6,Superfast,2,81,TQ,1,2866
JAT,NDLS,580,3A,3,Superfast,2,105,LD,3,835
CNB,MAS,1102,EC,5,Express,1,119,PT,2,3283
HYB,JAT,764,1A,6,Passenger,0,19,GN,0,1802
SBC,MAS,362,3A,3,Passenger,0,13,TQ,1,520
HYB,MAO,1134,3A,3,Passenger,0,98,PT,2,1670
CNB,MAO,1319,2A,4,Duronto,3,0,TQ,1,4806
MMCT,MAO,580,2A,4,Duronto,3,60,GN,0,1298
MMCT,NDLS,1384,EC,5,Express,1,54,LD,3,2764
MAS,HYB,590,2A,4,Passenger,0,50,LD,3,858
PNBE,ADI,1077,3A,3,Passenger,0,40,GN,0,1104
MAO,SBC,690,CC,2,Superfast,2,91,TQ,1,870
PNBE,HYB,1254,SL,1,Superfast,2,87,GN,0,619
PNBE,JAT,1063,2A,4,Rajdhani,4,110,PT,2,3903
ADI,JAT,1058,CC,2,Express,1,27,TQ,1,1133
HWH,CSMT,371,2A,4,Express,1,46,TQ,1,831
MAO,MAS,1022,1A,6,Superfast,2,117,PT,2,4867
NDLS,MAO,909,1A,6,Superfast,2,82,LD,3,2992
NDLS,MAS,911,CC,2,Rajdhani,4,73,GN,0,1110
CNB,ADI,1594,CC,2,Express,1,62,TQ,1,1637
CNB,JAT,1467,2S,0,Rajdhani,4,4,PT,2,882
MAO,CSMT,580,2S,0,Duronto,3,10,LD,3,223
MMCT,NDLS,1384,CC,2,Rajdhani,4,40,GN,0,1617
HYB,MAS,747,CC,2,Passenger,0,94,GN,0,504
JAT,HWH,696,EC,5,Superfast,2,66,GN,0,1679
JAT,PNBE,1202,2S,0,Rajdhani,4,8,TQ,1,632
HYB,CSMT,896,1A,6,Duronto,3,56,GN,0,3277
MAO,SBC,1385,SL,1,Duronto,3,81,GN,0,744
MAS,HYB,1068,1A,6,Superfast,2,59,GN,0,3491
ADI,MMCT,588,1A,6,Duronto,3,93,GN,0,2146
HWH,MAO,391,2S,0,Duronto,3,100,GN,0,123
JAT,HWH,1292,1A,6,Duronto,3,39,TQ,1,5976
CNB,CSMT,985,1A,6,Express,1,90,PT,2,4081
MAS,CSMT,1507,3A,3,Express,1,28,TQ,1,2326
SBC,CSMT,954,3A,3,Express,1,33,GN,0,1191
HWH,MAO,1094,3A,3,Passenger,0,57,TQ,1,1424
MAO,PNBE,668,EC,5,Passenger,0,26,LD,3,1135
JAT,CNB,941,2A,4,Superfast,2,89,PT,2,2741
HYB,SBC,625,2A,4,Express,1,33,GN,0,1111
MMCT,HYB,731,SL,1,Duronto,3,59,PT,2,593
MAO,PNBE,1555,1A,6,Superfast,2,89,GN,0,4878
HWH,NDLS,1447,SL,1,Express,1,42,PT,2,889
MMCT,CSMT,1083,3A,3,Duronto,3,59,TQ,1,2234
NDLS,ADI,934,EC,5,Passenger,0,88,LD,3,1600
PNBE,ADI,848,3A,3,Superfast,2,76,PT,2,1763
JAT,PNBE,964,1A,6,Duronto,3,97,GN,0,3532
PNBE,MAS,1532,SL,1,Passenger,0,3,TQ,1,801
CSMT,MAS,1572,CC,2,Passenger,0,25,TQ,1,1313
JAT,HWH,460,1A,6,Superfast,2,101,TQ,1,1980
HWH,ADI,1160,2A,4,Express,1,0,TQ,1,3348
CSMT,MAS,979,1A,6,Duronto,3,30,TQ,1,4665
MMCT,SBC,665,CC,2,Passenger,0,108,PT,2,642
ADI,CSMT,1055,1A,6,Express,1,70,LD,3,3008
SBC,ADI,1120,2S,0,Express,1,90,TQ,1,389
MMCT,PNBE,613,3A,3,Duronto,3,51,PT,2,1432
MAS,JAT,1219,EC,5,Express,1,68,GN,0,2468
ADI,JAT,1551,1A,6,Duronto,3,113,TQ,1,7043
SBC,HWH,1091,3A,3,Passenger,0,105,GN,0,1108
MAO,PNBE,508,CC,2,Duronto,3,17,LD,3,532
NDLS,SBC,968,SL,1,Rajdhani,4,43,LD,3,623
CSMT,PNBE,658,3A,3,Superfast,2,49,LD,3,930
MAS,PNBE,717,2A,4,Express,1,87,GN,0,1257
MMCT,HWH,557,CC,2,Express,1,102,GN,0,453
HWH,CSMT,1526,EC,5,Express,1,87,LD,3,3009
ADI,JAT,1172,SL,1,Rajdhani,4,38,LD,3,725
CNB,JAT,587,EC,5,Express,1,64,PT,2,1778
ADI,HWH,1445,3A,3,Rajdhani,4,100,TQ,1,3254
HYB,PNBE,513,2A,4,Rajdhani,4,43,PT,2,1885
HYB,MAO,1281,SL,1,Rajdhani,4,59,PT,2,1136
MMCT,ADI,1292,3A,3,Rajdhani,4,113,PT,2,3277
PNBE,HWH,532,2S,0,Rajdhani,4,69,PT,2,286
MAS,HWH,1660,1A,6,Express,1,41,PT,2,6525
NDLS,MAO,578,3A,3,Rajdhani,4,68,LD,3,1037
CSMT,MMCT,1445,1A,6,Duronto,3,93,TQ,1,6603
ADI,PNBE,912,3A,3,Express,1,88,TQ,1,1492
CNB,HYB,1515,SL,1,Rajdhani,4,9,PT,2,1407
NDLS,CSMT,1384,CC,2,Rajdhani,4,48,GN,0,1600
JAT,MAS,1215,SL,1,Rajdhani,4,23,PT,2,1106
JAT,MMCT,1237,1A,6,Duronto,3,73,PT,2,6398
MAO,HYB,1454,2S,0,Duronto,3,88,GN,0,467
MAO,ADI,790,2S,0,Express,1,35,TQ,1,265
HYB,JAT,443,EC,5,Express,1,116,TQ,1,1203
MAS,CNB,360,SL,1,Duronto,3,2,LD,3,285
CSMT,MAS,896,SL,1,Passenger,0,101,PT,2,456
SBC,CNB,387,CC,2,Superfast,2,28,GN,0,374
MAS,MAO,1293,EC,5,Express,1,81,PT,2,3779
PNBE,ADI,1492,1A,6,Superfast,2,43,PT,2,6802
ADI,CSMT,1296,2S,0,Express,1,26,TQ,1,436
PNBE,MAS,1175,1A,6,Passenger,0,10,LD,3,2922
HWH,MMCT,775,CC,2,Passenger,0,47,PT,2,759
HWH,ADI,1307,1A,6,Duronto,3,79,TQ,1,6034
HWH,MAO,1233,SL,1,Rajdhani,4,96,PT,2,1114
CNB,ADI,830,SL,1,Passenger,0,16,LD,3,303
MMCT,CNB,1160,2A,4,Duronto,3,14,PT,2,3903
CSMT,PNBE,1476,SL,1,Superfast,2,96,TQ,1,926
MAO,MAS,1004,2S,0,Superfast,2,80,GN,0,311
JAT,CNB,1000,EC,5,Passenger,0,68,LD,3,1697
PNBE,ADI,1300,3A,3,Express,1,20,TQ,1,2039
MAS,NDLS,1440,2S,0,Superfast,2,97,LD,3,424
CSMT,JAT,551,SL,1,Passenger,0,83,LD,3,196
PNBE,SBC,409,EC,5,Duronto,3,17,GN,0,1093
MAO,PNBE,396,3A,3,Passenger,0,31,TQ,1,530
JAT,ADI,536,3A,3,Rajdhani,4,95,LD,3,971
HYB,SBC,625,SL,1,Superfast,2,92,TQ,1,401
ADI,SBC,1010,2A,4,Superfast,2,8,GN,0,2191
MAO,ADI,1290,2A,4,Passenger,0,56,TQ,1,2349
CSMT,ADI,1374,CC,2,Rajdhani,4,102,PT,2,2325
CSMT,SBC,1296,CC,2,Rajdhani,4,0,GN,0,2094
JAT,PNBE,1414,SL,1,Express,1,9,LD,3,660
MAS,HYB,597,CC,2,Passenger,0,82,GN,0,406
ADI,NDLS,934,2S,0,Express,1,106,GN,0,243
PNBE,HYB,1251,SL,1,Rajdhani,4,13,TQ,1,1083
MAS,MAO,578,CC,2,Duronto,3,46,LD,3,621
HWH,CSMT,847,2S,0,Express,1,26,PT,2,313
HWH,JAT,501,SL,1,Express,1,96,TQ,1,295
MAS,HWH,1660,CC,2,Express,1,42,LD,3,1313
MAS,MAO,913,EC,5,Rajdhani,4,97,TQ,1,3568
HYB,MAS,403,2A,4,Superfast,2,72,PT,2,1187
MAS,CNB,674,EC,5,Superfast,2,60,LD,3,1618
MAS,CSMT,613,2A,4,Passenger,0,37,LD,3,876
JAT,SBC,407,2S,0,Duronto,3,74,PT,2,188
MAO,NDLS,881,3A,3,Passenger,0,95,LD,3,902
MAO,CSMT,580,CC,2,Duronto,3,75,PT,2,897
HWH,PNBE,532,CC,2,Duronto,3,111,LD,3,556
ADI,PNBE,379,CC,2,Rajdhani,4,43,TQ,1,587
SBC,CNB,657,3A,3,Passenger,0,99,GN,0,677
SBC,HWH,1371,SL,1,Passenger,0,116,GN,0,487
CNB,HYB,817,CC,2,Duronto,3,46,GN,0,866
JAT,MMCT,1024,EC,5,Rajdhani,4,34,GN,0,3086
NDLS,ADI,934,EC,5,Duronto,3,31,PT,2,3614
CNB,CSMT,851,2A,4,Express,1,22,GN,0,1497
MAS,HYB,918,1A,6,Duronto,3,93,GN,0,3379
CSMT,HYB,970,1A,6,Duronto,3,29,TQ,1,4626
MAO,ADI,1300,1A,6,Passenger,0,112,GN,0,2953
JAT,MMCT,752,SL,1,Rajdhani,4,56,GN,0,480
SBC,MMCT,1460,EC,5,Duronto,3,76,LD,3,3712
MAO,NDLS,1541,SL,1,Rajdhani,4,92,LD,3,946
JAT,SBC,1556,2S,0,Passenger,0,96,LD,3,305
MAS,PNBE,1581,3A,3,Express,1,80,TQ,1,2430
HYB,ADI,1403,3A,3,Superfast,2,33,TQ,1,2510
MAS,JAT,1499,EC,5,Superfast,2,80,LD,3,3410
CSMT,ADI,363,3A,3,Passenger,0,60,LD,3,362
CSMT,MMCT,1234,CC,2,Superfast,2,12,LD,3,1237
JAT,CNB,1453,2S,0,Duronto,3,24,GN,0,479
SBC,CNB,979,EC,5,Superfast,2,40,LD,3,2328
JAT,MAS,1598,2A,4,Passenger,0,86,TQ,1,2833
CSMT,SBC,1161,2S,0,Duronto,3,109,TQ,1,505
JAT,CSMT,1016,EC,5,Express,1,83,LD,3,2116
CNB,MAS,818,3A,3,Express,1,119,PT,2,1475
CSMT,MAS,1033,CC,2,Superfast,2,106,PT,2,1426
MAS,PNBE,1503,SL,1,Express,1,0,LD,3,857
PNBE,HWH,532,SL,1,Superfast,2,2,TQ,1,443
JAT,MAS,953,2S,0,Superfast,2,3,PT,2,481
PNBE,HWH,532,EC,5,Duronto,3,102,TQ,1,1844
HYB,ADI,911,1A,6,Rajdhani,4,31,TQ,1,4914
CNB,ADI,1564,SL,1,Rajdhani,4,99,LD,3,955
CNB,ADI,861,3A,3,Passenger,0,75,LD,3,867
MMCT,NDLS,1384,3A,3,Passenger,0,47,LD,3,1376
MAS,MMCT,1316,2A,4,Rajdhani,4,41,LD,3,3251
CSMT,CNB,1557,3A,3,Passenger,0,25,GN,0,1514
SBC,HWH,1522,EC,5,Superfast,2,71,PT,2,5035
NDLS,CSMT,1384,2S,0,Superfast,2,109,PT,2,599
ADI,SBC,727,3A,3,Express,1,29,LD,3,903
HWH,SBC,880,3A,3,Passenger,0,95,GN,0,889
MMCT,JAT,1191,SL,1,Express,1,103,LD,3,523
NDLS,HYB,473,EC,5,Superfast,2,2,LD,3,1546
HYB,HWH,1453,SL,1,Superfast,2,73,PT,2,1026
MMCT,CNB,1507,1A,6,Passenger,0,99,GN,0,3380
CSMT,HYB,529,EC,5,Express,1,78,TQ,1,1439
MMCT,JAT,1232,2S,0,Superfast,2,59,LD,3,377
CNB,CSMT,1026,1A,6,Duronto,3,82,PT,2,5434
HYB,PNBE,393,SL,1,Passenger,0,37,GN,0,146
PNBE,NDLS,998,2A,4,Superfast,2,54,TQ,1,2613
SBC,MAO,1018,EC,5,Express,1,83,TQ,1,2754
MAO,HWH,1531,2A,4,Duronto,3,98,TQ,1,4253
MAS,CSMT,556,1A,6,Passenger,0,77,GN,0,1315
CSMT,HYB,1063,1A,6,Superfast,2,111,PT,2,5051
SBC,JAT,777,2A,4,Superfast,2,20,LD,3,1562
SBC,CNB,1077,1A,6,Duronto,3,112,LD,3,3898
PNBE,NDLS,998,2S,0,Duronto,3,48,GN,0,336
ADI,PNBE,756,2A,4,Express,1,75,GN,0,1314
CSMT,HYB,1534,CC,2,Passenger,0,15,TQ,1,1385
SBC,MMCT,1351,CC,2,Passenger,0,45,PT,2,1286
SBC,CNB,535,2S,0,Passenger,0,46,LD,3,120
HYB,MMCT,1285,1A,6,Rajdhani,4,48,LD,3,5172
MMCT,HWH,1088,3A,3,Rajdhani,4,55,PT,2,2813
CNB,MMCT,1148,SL,1,Rajdhani,4,35,PT,2,1029
CSMT,SBC,713,EC,5,Rajdhani,4,16,TQ,1,2783
CNB,ADI,429,1A,6,Passenger,0,102,TQ,1,1322
CNB,JAT,950,3A,3,Passenger,0,53,TQ,1,1261
CSMT,CNB,1412,2A,4,Duronto,3,46,GN,0,3057
CSMT,NDLS,1384,2A,4,Superfast,2,51,PT,2,3913
MAS,MAO,1007,1A,6,Rajdhani,4,42,GN,0,4192
ADI,NDLS,934,SL,1,Rajdhani,4,69,LD,3,605
MAO,HYB,697,2A,4,Rajdhani,4,1,PT,2,3261
SBC,MMCT,1209,1A,6,Rajdhani,4,60,LD,3,4900
HYB,ADI,625,2S,0,Passenger,0,103,GN,0,129
ADI,CNB,876,2A,4,Superfast,2,84,PT,2,2579
MAO,JAT,547,SL,1,Express,1,95,TQ,1,302
SBC,HYB,625,2S,0,Duronto,3,28,GN,0,219
MMCT,PNBE,928,EC,5,Rajdhani,4,31,TQ,1,3629
CSMT,JAT,966,3A,3,Express,1,85,PT,2,1757
CSMT,HWH,1214,3A,3,Duronto,3,74,GN,0,1899
PNBE,JAT,448,2S,0,Duronto,3,23,GN,0,140
JAT,NDLS,580,2A,4,Express,1,41,GN,0,1021
ADI,CNB,1054,2A,4,Passenger,0,51,LD,3,1498
ADI,MAO,888,EC,5,Express,1,15,PT,2,2831
HYB,HWH,1040,2A,4,Superfast,2,43,LD,3,2097
HYB,ADI,547,CC,2,Superfast,2,97,PT,2,747
HWH,PNBE,532,EC,5,Duronto,3,12,TQ,1,1952
MMCT,CNB,1477,CC,2,Superfast,2,16,PT,2,1952
ADI,PNBE,1483,1A,6,Passenger,0,23,LD,3,3341
HYB,SBC,625,2S,0,Duronto,3,99,GN,0,202
CNB,HWH,1007,EC,5,Duronto,3,72,GN,0,2688
HYB,HWH,1454,2A,4,Passenger,0,21,PT,2,2896
MMCT,JAT,689,CC,2,Passenger,0,28,TQ,1,612
MAO,PNBE,764,3A,3,Rajdhani,4,51,PT,2,2000
HYB,PNBE,1325,SL,1,Superfast,2,17,PT,2,926
MMCT,MAS,1488,CC,2,Superfast,2,26,GN,0,1345
PNBE,CSMT,644,SL,1,Duronto,3,97,TQ,1,468
CSMT,JAT,1208,SL,1,Passenger,0,24,TQ,1,565
HWH,MMCT,813,3A,3,Duronto,3,114,LD,3,1287
CNB,MAO,660,2A,4,Express,1,18,PT,2,1688
HWH,NDLS,1447,EC,5,Superfast,2,67,GN,0,3323
JAT,MAO,1314,2A,4,Express,1,38,GN,0,2233
CNB,MAO,1280,2A,4,Rajdhani,4,112,PT,2,4595
MAS,NDLS,1131,2S,0,Superfast,2,14,LD,3,363
MAO,CSMT,580,2S,0,Superfast,2,28,GN,0,163
CNB,MAO,1576,2S,0,Superfast,2,30,LD,3,466
CNB,PNBE,1213,1A,6,Rajdhani,4,110,PT,2,7141
CNB,MAS,865,CC,2,Passenger,0,42,LD,3,596
MAS,HWH,1660,1A,6,Rajdhani,4,91,LD,3,6512
MAO,ADI,803,EC,5,Express,1,85,PT,2,2409
CNB,ADI,1498,EC,5,Passenger,0,48,LD,3,2424
MAO,MMCT,580,2S,0,Rajdhani,4,73,GN,0,210
SBC,HWH,1538,CC,2,Passenger,0,53,LD,3,1006
CNB,NDLS,440,CC,2,Express,1,109,LD,3,369
HYB,NDLS,1166,2S,0,Express,1,85,GN,0,293
MAO,CSMT,580,CC,2,Superfast,2,12,PT,2,862
PNBE,NDLS,998,2S,0,Superfast,2,45,PT,2,435
SBC,MAS,362,2S,0,Rajdhani,4,41,LD,3,145
JAT,MAS,678,2A,4,Passenger,0,98,PT,2,1422
PNBE,HWH,532,2S,0,Express,1,109,GN,0,135
HWH,MAO,1452,CC,2,Duronto,3,40,PT,2,2134
CNB,MMCT,1181,3A,3,Passenger,0,63,TQ,1,1547
PNBE,SBC,892,2S,0,Express,1,44,PT,2,351
ADI,HWH,676,2A,4,Superfast,2,2,GN,0,1874
MAO,MAS,1386,CC,2,Passenger,0,37,TQ,1,1179
MAO,MMCT,580,1A,6,Rajdhani,4,91,LD,3,2421
MAS,CSMT,1046,EC,5,Superfast,2,50,TQ,1,3245
PNBE,MMCT,951,EC,5,Passenger,0,10,PT,2,2472
ADI,NDLS,934,EC,5,Duronto,3,85,PT,2,3589
ADI,SBC,798,2A,4,Duronto,3,56,TQ,1,2320
NDLS,MAS,849,1A,6,Passenger,0,61,LD,3,1993
HYB,CNB,1513,2A,4,Express,1,23,LD,3,2539
MAO,PNBE,885,CC,2,Superfast,2,102,PT,2,1225
HWH,CNB,1007,3A,3,Passenger,0,45,GN,0,1044
CNB,CSMT,1008,2S,0,Duronto,3,101,TQ,1,430
HYB,ADI,1446,3A,3,Rajdhani,4,103,TQ,1,3265
HWH,JAT,1484,2S,0,Duronto,3,59,PT,2,698
NDLS,ADI,934,SL,1,Passenger,0,55,GN,0,352
CSMT,NDLS,1384,SL,1,Passenger,0,83,GN,0,494
HWH,ADI,652,1A,6,Superfast,2,8,PT,2,3289
MAS,NDLS,1574,SL,1,Express,1,90,TQ,1,852
SBC,JAT,1275,3A,3,Passenger,0,89,PT,2,1829
SBC,MAO,1390,SL,1,Duronto,3,98,PT,2,1104
NDLS,MAO,458,CC,2,Superfast,2,75,GN,0,448
MMCT,MAO,580,EC,5,Express,1,93,TQ,1,1575
SBC,CNB,1581,2S,0,Duronto,3,106,TQ,1,645
JAT,ADI,594,3A,3,Rajdhani,4,12,LD,3,1163
CNB,JAT,1143,2S,0,Express,1,48,LD,3,285
HWH,CSMT,546,3A,3,Superfast,2,22,LD,3,796
MAS,ADI,535,2A,4,Superfast,2,51,TQ,1,1395
HWH,JAT,517,3A,3,Express,1,96,GN,0,646
MAS,NDLS,1591,1A,6,Passenger,0,7,PT,2,5416
CSMT,NDLS,1384,1A,6,Rajdhani,4,41,LD,3,5525
NDLS,MAO,1503,3A,3,Rajdhani,4,22,TQ,1,3378
MAO,ADI,722,EC,5,Duronto,3,44,GN,0,1934
JAT,CSMT,1578,3A,3,Passenger,0,22,LD,3,1541
CSMT,HYB,654,2S,0,Express,1,3,GN,0,225
HYB,MMCT,988,3A,3,Rajdhani,4,44,TQ,1,2327
HYB,CSMT,554,SL,1,Duronto,3,77,TQ,1,410
HWH,ADI,1472,2S,0,Express,1,100,LD,3,386
MMCT,JAT,1485,1A,6,Superfast,2,31,PT,2,6766
SBC,ADI,735,2S,0,Express,1,5,PT,2,310
ADI,JAT,1560,1A,6,Passenger,0,11,PT,2,5346
HYB,MAO,1527,CC,2,Passenger,0,66,LD,3,1001
HYB,JAT,761,3A,3,Superfast,2,17,LD,3,1101
SBC,MAS,362,SL,1,Express,1,48,GN,0,159
NDLS,ADI,934,3A,3,Passenger,0,61,LD,3,950
ADI,MAS,462,EC,5,Rajdhani,4,24,GN,0,1386
MAO,CNB,1461,2A,4,Superfast,2,94,GN,0,2824
NDLS,CNB,440,SL,1,Duronto,3,45,GN,0,259
JAT,PNBE,1391,EC,5,Duronto,3,65,PT,2,5169
CNB,NDLS,440,1A,6,Express,1,23,TQ,1,1646
HWH,MMCT,766,SL,1,Duronto,3,73,GN,0,417
PNBE,SBC,588,3A,3,Rajdhani,4,115,TQ,1,1389
HWH,CSMT,1148,2S,0,Duronto,3,47,LD,3,367
CSMT,CNB,1576,2A,4,Passenger,0,85,PT,2,3139
PNBE,JAT,1518,CC,2,Superfast,2,26,PT,2,2005
CNB,NDLS,440,2S,0,Express,1,48,PT,2,181
SBC,ADI,869,EC,5,Rajdhani,4,80,LD,3,2606
CNB,ADI,613,CC,2,Duronto,3,9,GN,0,694
CSMT,ADI,486,2A,4,Passenger,0,41,TQ,1,924
CNB,MAS,1165,3A,3,Passenger,0,36,PT,2,1707
MAO,MAS,572,2S,0,Rajdhani,4,50,TQ,1,300
MMCT,HYB,1369,2A,4,Duronto,3,66,GN,0,2963
ADI,MMCT,578,2A,4,Rajdhani,4,106,LD,3,1461
MMCT,CNB,845,SL,1,Passenger,0,47,LD,3,313
CSMT,ADI,1572,2S,0,Rajdhani,4,84,TQ,1,753
SBC,HWH,439,EC,5,Rajdhani,4,19,PT,2,1930
MAS,CSMT,1067,SL,1,Duronto,3,115,GN,0,592
PNBE,CSMT,947,EC,5,Rajdhani,4,28,TQ,1,3717
SBC,HWH,1248,1A,6,Express,1,8,TQ,1,4804
HYB,MAS,1490,2A,4,Duronto,3,70,PT,2,4624
MMCT,JAT,483,SL,1,Passenger,0,68,GN,0,179
CNB,CSMT,1008,3A,3,Rajdhani,4,18,GN,0,1827
SBC,NDLS,1130,1A,6,Passenger,0,7,LD,3,2830
MAO,MMCT,580,2S,0,Rajdhani,4,72,GN,0,207
JAT,ADI,1520,CC,2,Express,1,36,LD,3,1204
CNB,SBC,1354,EC,5,Superfast,2,44,LD,3,3123
CSMT,ADI,1448,3A,3,Duronto,3,18,PT,2,3216
CNB,CSMT,1145,3A,3,Duronto,3,47,GN,0,1795
MAS,CSMT,437,SL,1,Express,1,90,TQ,1,247
CSMT,JAT,1072,2A,4,Express,1,53,LD,3,1864
CNB,ADI,1259,SL,1,Express,1,46,PT,2,775
JAT,PNBE,622,CC,2,Passenger,0,26,TQ,1,542
CNB,SBC,1514,2A,4,Passenger,0,46,LD,3,2080
PNBE,HWH,532,2A,4,Express,1,18,LD,3,921
HYB,JAT,1276,3A,3,Passenger,0,52,GN,0,1257
SBC,HWH,1479,2A,4,Express,1,119,LD,3,2472
ADI,NDLS,934,SL,1,Passenger,0,85,TQ,1,431
CNB,JAT,1503,2S,0,Duronto,3,82,LD,3,488
SBC,CSMT,1192,3A,3,Express,1,31,TQ,1,1900
ADI,HWH,1600,2S,0,Passenger,0,67,GN,0,335
MMCT,CNB,525,1A,6,Rajdhani,4,117,GN,0,2176
MMCT,HWH,1080,2A,4,Duronto,3,27,PT,2,3495
MMCT,HWH,996,EC,5,Express,1,60,PT,2,3009
CSMT,MAS,971,1A,6,Passenger,0,20,TQ,1,2955
PNBE,MMCT,1440,EC,5,Express,1,20,LD,3,2876
MAS,SBC,362,CC,2,Duronto,3,116,LD,3,373
NDLS,CSMT,1384,SL,1,Express,1,61,TQ,1,771
NDLS,MAO,1092,SL,1,Passenger,0,73,TQ,1,506
NDLS,ADI,934,3A,3,Superfast,2,10,PT,2,2037
CSMT,CNB,964,CC,2,Express,1,117,TQ,1,1030
JAT,SBC,1006,3A,3,Rajdhani,4,45,LD,3,1803
MAO,CNB,1205,2A,4,Superfast,2,108,PT,2,3436
HYB,MAS,1415,1A,6,Express,1,40,TQ,1,5045
JAT,SBC,977,3A,3,Express,1,55,PT,2,1753
MAS,JAT,1288,CC,2,Rajdhani,4,42,GN,0,1495
MAO,NDLS,1524,1A,6,Superfast,2,48,TQ,1,6233
ADI,PNBE,1145,1A,6,Superfast,2,89,LD,3,3701
HWH,HYB,1219,SL,1,Superfast,2,16,PT,2,879
MAS,HYB,745,SL,1,Superfast,2,34,GN,0,391
ADI,JAT,523,2S,0,Superfast,2,110,GN,0,144
CSMT,MMCT,847,1A,6,Duronto,3,47,GN,0,3095
MAO,SBC,528,2S,0,Rajdhani,4,1,GN,0,287
HWH,MAO,494,2A,4,Passenger,0,80,LD,3,716
HWH,JAT,566,EC,5,Rajdhani,4,7,TQ,1,2346
CNB,MMCT,730,1A,6,Rajdhani,4,0,LD,3,4193
JAT,SBC,780,1A,6,Rajdhani,4,49,PT,2,4702
HYB,SBC,625,2S,0,Duronto,3,90,LD,3,215
CNB,CSMT,1310,3A,3,Passenger,0,110,GN,0,1296
CSMT,HYB,362,1A,6,Duronto,3,25,PT,2,1914
HYB,MAO,737,CC,2,Rajdhani,4,89,GN,0,879
CSMT,HWH,816,2A,4,Express,1,81,PT,2,2081
PNBE,HYB,934,2A,4,Express,1,32,PT,2,2386
SBC,HYB,625,CC,2,Superfast,2,36,TQ,1,764
NDLS,MMCT,1384,3A,3,Rajdhani,4,79,LD,3,2396
JAT,ADI,374,CC,2,Rajdhani,4,40,PT,2,662
JAT,MAO,484,EC,5,Superfast,2,93,PT,2,1677
HWH,ADI,1108,SL,1,Superfast,2,97,LD,3,548
HYB,SBC,625,EC,5,Duronto,3,5,PT,2,2775
ADI,CNB,1014,2S,0,Express,1,59,LD,3,266
CSMT,CNB,1139,SL,1,Rajdhani,4,111,TQ,1,939
HWH,PNBE,532,SL,1,Superfast,2,1,LD,3,381
JAT,CSMT,659,EC,5,Duronto,3,27,GN,0,1739
PNBE,ADI,656,3A,3,Superfast,2,25,GN,0,942
PNBE,CSMT,971,2S,0,Passenger,0,35,TQ,1,264
ADI,MAO,1372,SL,1,Express,1,109,TQ,1,755
JAT,NDLS,580,1A,6,Rajdhani,4,41,LD,3,2413
MAS,CSMT,831,EC,5,Express,1,102,TQ,1,2245
ADI,NDLS,934,CC,2,Duronto,3,43,PT,2,1448
MAO,PNBE,599,EC,5,Duronto,3,67,PT,2,2308
CNB,HWH,1007,3A,3,Passenger,0,60,GN,0,1014
ADI,HWH,1204,2A,4,Duronto,3,120,PT,2,3841
SBC,HWH,1325,2S,0,Superfast,2,71,PT,2,567
HWH,SBC,610,3A,3,Passenger,0,116,TQ,1,818
MAO,CNB,835,2S,0,Duronto,3,62,LD,3,295
NDLS,HWH,1447,1A,6,Express,1,96,TQ,1,5165
HWH,MMCT,1433,SL,1,Express,1,77,PT,2,864
ADI,PNBE,745,2S,0,Superfast,2,91,TQ,1,290
NDLS,ADI,934,2A,4,Rajdhani,4,41,PT,2,3458
MAO,ADI,1500,2A,4,Superfast,2,40,LD,3,2886
MAO,HYB,759,2S,0,Duronto,3,118,GN,0,251
CNB,NDLS,440,EC,5,Passenger,0,36,TQ,1,985
PNBE,CNB,372,3A,3,Superfast,2,26,TQ,1,689
NDLS,CNB,440,1A,6,Superfast,2,59,TQ,1,1884
JAT,PNBE,1487,2A,4,Passenger,0,56,PT,2,2954
MAS,ADI,915,2A,4,Passenger,0,58,PT,2,1901
MAO,CSMT,580,1A,6,Rajdhani,4,6,PT,2,4025
ADI,HWH,640,3A,3,Express,1,70,GN,0,804
PNBE,JAT,1013,SL,1,Duronto,3,41,GN,0,575
MAS,HWH,1660,2S,0,Passenger,0,5,GN,0,423
CNB,CSMT,1367,1A,6,Rajdhani,4,17,TQ,1,7099
HYB,CSMT,831,1A,6,Superfast,2,45,PT,2,3956
PNBE,HWH,532,SL,1,Express,1,69,GN,0,235
PNBE,JAT,1160,CC,2,Duronto,3,70,GN,0,1223
SBC,ADI,675,1A,6,Superfast,2,29,TQ,1,2877
JAT,CNB,1492,1A,6,Rajdhani,4,82,TQ,1,7693
NDLS,CNB,440,2S,0,Duronto,3,19,TQ,1,195
HWH,CNB,1007,2S,0,Express,1,2,PT,2,487
NDLS,JAT,580,EC,5,Rajdhani,4,5,TQ,1,2661
NDLS,SBC,820,EC,5,Express,1,0,PT,2,3128
MMCT,MAO,580,EC,5,Duronto,3,50,TQ,1,1996
HYB,NDLS,926,3A,3,Passenger,0,47,LD,3,937
SBC,MAO,874,3A,3,Duronto,3,41,PT,2,2020
MMCT,JAT,934,SL,1,Rajdhani,4,57,LD,3,587
CSMT,MMCT,435,SL,1,Rajdhani,4,95,TQ,1,351
MAO,MAS,788,EC,5,Superfast,2,46,LD,3,1871
JAT,CNB,820,EC,5,Superfast,2,27,GN,0,1954
NDLS,SBC,720,2S,0,Superfast,2,26,LD,3,234
CNB,PNBE,1020,SL,1,Express,1,77,TQ,1,596
ADI,CNB,1498,EC,5,Superfast,2,101,TQ,1,4432
MAO,MMCT,580,2S,0,Rajdhani,4,79,GN,0,234
NDLS,MAS,350,3A,3,Express,1,48,TQ,1,556
NDLS,HWH,1447,CC,2,Duronto,3,54,PT,2,2126
MAS,PNBE,395,3A,3,Rajdhani,4,115,GN,0,709
CSMT,MAS,1285,2S,0,Duronto,3,15,GN,0,468
ADI,CSMT,379,1A,6,Rajdhani,4,92,TQ,1,2045
MAO,HYB,909,3A,3,Rajdhani,4,89,LD,3,1631
CNB,CSMT,791,1A,6,Express,1,86,LD,3,2251
NDLS,ADI,934,2S,0,Express,1,52,TQ,1,306
MAO,NDLS,479,2S,0,Superfast,2,90,PT,2,220
ADI,SBC,897,1A,6,Superfast,2,111,TQ,1,3833
CNB,ADI,353,CC,2,Rajdhani,4,111,LD,3,427
CNB,ADI,824,CC,2,Rajdhani,4,36,PT,2,1429
MAO,HWH,1284,2S,0,Express,1,69,TQ,1,424
JAT,HWH,1478,EC,5,Duronto,3,41,PT,2,5450
CSMT,MAO,580,3A,3,Express,1,44,PT,2,1038
JAT,ADI,1460,SL,1,Superfast,2,55,GN,0,711
MAS,CSMT,1031,3A,3,Express,1,57,TQ,1,1678
NDLS,HWH,1447,2S,0,Duronto,3,76,PT,2,682
JAT,CSMT,1524,2A,4,Duronto,3,105,LD,3,3251
PNBE,MMCT,1376,EC,5,Rajdhani,4,66,GN,0,3996
NDLS,MAS,1477,CC,2,Duronto,3,94,TQ,1,1959
CNB,HWH,1007,1A,6,Superfast,2,93,PT,2,4809
PNBE,HYB,1154,2A,4,Passenger,0,44,LD,3,1639
MMCT,SBC,1279,2A,4,Duronto,3,91,GN,0,2802
HYB,MMCT,1364,2A,4,Rajdhani,4,88,PT,2,4843
PNBE,MAS,778,EC,5,Rajdhani,4,104,TQ,1,3033
NDLS,CNB,440,1A,6,Duronto,3,23,GN,0,1601
MAS,ADI,593,SL,1,Superfast,2,84,LD,3,285
CNB,MAO,964,3A,3,Express,1,47,TQ,1,1557
PNBE,MAO,1557,SL,1,Passenger,0,75,GN,0,541
ADI,NDLS,934,3A,3,Superfast,2,3,PT,2,2245
ADI,PNBE,1453,2S,0,Rajdhani,4,54,PT,2,786
JAT,ADI,405,SL,1,Rajdhani,4,62,GN,0,258
MAS,HYB,538,1A,6,Duronto,3,92,GN,0,1972
PNBE,HWH,532,EC,5,Express,1,4,PT,2,1841
HYB,ADI,793,EC,5,Express,1,12,GN,0,1787
CSMT,MAO,580,EC,5,Express,1,8,TQ,1,1662
MAS,MAO,1144,2S,0,Passenger,0,83,GN,0,237
MAO,MMCT,580,SL,1,Duronto,3,115,LD,3,320
CSMT,NDLS,1384,EC,5,Superfast,2,54,GN,0,3190
CSMT,MMCT,757,SL,1,Express,1,31,GN,0,330
CNB,JAT,711,2S,0,Express,1,5,PT,2,304
SBC,HWH,1545,2S,0,Express,1,29,LD,3,398
CNB,MMCT,557,2A,4,Duronto,3,16,GN,0,1251
ADI,HWH,1230,1A,6,Passenger,0,114,PT,2,4086
HYB,MMCT,1207,SL,1,Rajdhani,4,35,LD,3,754
CNB,PNBE,487,1A,6,Rajdhani,4,33,PT,2,2933
PNBE,HYB,848,2A,4,Rajdhani,4,3,TQ,1,3268
MAO,CSMT,580,SL,1,Passenger,0,47,PT,2,303
MMCT,JAT,729,EC,5,Express,1,14,GN,0,1630
SBC,CSMT,965,2A,4,Express,1,1,PT,2,3088
HYB,NDLS,580,EC,5,Superfast,2,74,GN,0,1380
CSMT,HWH,849,2S,0,Express,1,102,TQ,1,284
JAT,ADI,1329,SL,1,Duronto,3,12,TQ,1,995
HYB,JAT,1458,2S,0,Rajdhani,4,18,TQ,1,706
HYB,CSMT,489,SL,1,Passenger,0,9,TQ,1,235
JAT,PNBE,1090,2A,4,Superfast,2,52,GN,0,2185
PNBE,NDLS,998,2S,0,Express,1,3,TQ,1,406
CNB,HWH,1007,SL,1,Passenger,0,107,TQ,1,480
CSMT,ADI,1393,SL,1,Duronto,3,30,PT,2,1093
MMCT,PNBE,1578,1A,6,Express,1,8,GN,0,4645
CSMT,JAT,431,3A,3,Superfast,2,50,PT,2,896
JAT,HWH,971,2S,0,Passenger,0,77,PT,2,318
MAS,ADI,1397,SL,1,Express,1,96,TQ,1,768
HWH,MMCT,1352,3A,3,Passenger,0,66,GN,0,1328
JAT,MAS,905,2S,0,Superfast,2,76,TQ,1,352
HWH,SBC,1509,2A,4,Superfast,2,39,TQ,1,3789
HWH,HYB,1192,3A,3,Superfast,2,76,LD,3,1679
JAT,SBC,635,2S,0,Superfast,2,24,PT,2,285
HYB,CNB,1007,2A,4,Express,1,74,TQ,1,2284
CNB,MAS,855,2A,4,Passenger,0,101,PT,2,1774
JAT,ADI,1117,2A,4,Express,1,61,PT,2,2815
MAO,ADI,1450,3A,3,Duronto,3,32,GN,0,2211
MMCT,PNBE,1477,SL,1,Rajdhani,4,8,TQ,1,1253
MAS,ADI,1281,EC,5,Passenger,0,105,PT,2,3073
MAO,PNBE,757,3A,3,Rajdhani,4,54,LD,3,1373
MMCT,ADI,1245,SL,1,Superfast,2,15,TQ,1,836
MMCT,HWH,461,1A,6,Rajdhani,4,35,GN,0,1917
HYB,MAS,610,2S,0,Rajdhani,4,118,LD,3,224
NDLS,JAT,580,1A,6,Rajdhani,4,14,PT,2,3690
CNB,MAS,932,SL,1,Duronto,3,29,TQ,1,687
MAO,CNB,896,EC,5,Superfast,2,107,TQ,1,2774
NDLS,HYB,1546,3A,3,Duronto,3,21,LD,3,2340
HYB,MAO,385,2A,4,Rajdhani,4,73,PT,2,1431
ADI,MMCT,545,2A,4,Express,1,28,TQ,1,1242
MAO,CSMT,580,2A,4,Superfast,2,13,GN,0,1256
JAT,MAS,1241,EC,5,Passenger,0,108,LD,3,2059
SBC,CNB,555,2S,0,Rajdhani,4,52,LD,3,211
CSMT,PNBE,1128,1A,6,Passenger,0,97,PT,2,3774
JAT,ADI,1244,2S,0,Passenger,0,43,PT,2,365
ADI,HYB,1144,2S,0,Express,1,77,TQ,1,382
CSMT,MMCT,1580,2S,0,Express,1,21,LD,3,387
SBC,HWH,1073,SL,1,Superfast,2,31,PT,2,793
SBC,PNBE,1579,SL,1,Rajdhani,4,87,TQ,1,1249
CNB,MMCT,1276,CC,2,Rajdhani,4,49,PT,2,2161
PNBE,NDLS,998,SL,1,Express,1,116,LD,3,426
PNBE,MAS,1063,2A,4,Superfast,2,46,PT,2,3086
CSMT,CNB,798,2S,0,Passenger,0,82,TQ,1,237
NDLS,PNBE,998,1A,6,Duronto,3,11,TQ,1,5036
MAO,HYB,452,3A,3,Rajdhani,4,67,PT,2,1185
CSMT,MAS,640,2S,0,Express,1,35,TQ,1,212
PNBE,MAS,691,EC,5,Rajdhani,4,29,GN,0,2087
NDLS,MAO,710,3A,3,Passenger,0,60,LD,3,739
CSMT,SBC,385,2S,0,Duronto,3,77,GN,0,120
MMCT,MAS,716,EC,5,Rajdhani,4,99,LD,3,2161
HWH,CSMT,662,EC,5,Duronto,3,31,GN,0,1756
CSMT,MAS,1401,2S,0,Rajdhani,4,64,GN,0,512
CSMT,CNB,449,SL,1,Duronto,3,108,TQ,1,321
MAO,HWH,1525,2S,0,Superfast,2,59,TQ,1,574
CSMT,MMCT,858,2A,4,Passenger,0,96,GN,0,1223
PNBE,CSMT,351,3A,3,Express,1,67,LD,3,444
PNBE,HYB,1458,CC,2,Express,1,113,LD,3,1175
JAT,HYB,1074,2S,0,Passenger,0,73,LD,3,239
MAS,HYB,1184,2A,4,Passenger,0,109,LD,3,1657
NDLS,SBC,500,EC,5,Superfast,2,107,PT,2,1720
MAO,PNBE,1133,SL,1,Superfast,2,47,GN,0,560
ADI,SBC,382,2A,4,Express,1,99,TQ,1,872
MAO,CSMT,580,SL,1,Duronto,3,18,GN,0,339
SBC,ADI,867,SL,1,Express,1,59,LD,3,377
SBC,ADI,617,SL,1,Rajdhani,4,31,TQ,1,524
JAT,MMCT,955,3A,3,Rajdhani,4,44,LD,3,1741
PNBE,JAT,1237,1A,6,Passenger,0,37,PT,2,4114
HYB,CNB,1327,1A,6,Express,1,8,PT,2,5615
SBC,MAS,362,2A,4,Rajdhani,4,12,TQ,1,1278
CNB,HYB,902,1A,6,Rajdhani,4,65,TQ,1,4875
HYB,HWH,399,SL,1,Express,1,42,LD,3,172
MAO,HWH,933,3A,3,Rajdhani,4,102,GN,0,1701
ADI,CNB,1237,2S,0,Passenger,0,4,GN,0,333
CSMT,PNBE,1026,CC,2,Express,1,93,PT,2,1222
CSMT,SBC,540,EC,5,Express,1,35,LD,3,1116
NDLS,CNB,440,1A,6,Duronto,3,24,LD,3,1617
SBC,PNBE,660,SL,1,Passenger,0,72,PT,2,359
SBC,NDLS,485,2A,4,Rajdhani,4,33,LD,3,1244
MMCT,SBC,1309,2A,4,Express,1,14,GN,0,2407
ADI,HWH,1112,2S,0,Express,1,33,PT,2,425
JAT,HWH,1428,2A,4,Passenger,0,66,PT,2,2869
MAO,SBC,813,2S,0,Rajdhani,4,55,LD,3,304
HWH,HYB,965,SL,1,Express,1,6,PT,2,720
MAS,MMCT,653,EC,5,Duronto,3,108,TQ,1,2272
SBC,ADI,663,1A,6,Passenger,0,64,PT,2,2256
CNB,PNBE,1208,EC,5,Superfast,2,38,GN,0,2812
CSMT,MAO,580,CC,2,Rajdhani,4,99,PT,2,1028
NDLS,PNBE,998,2S,0,Express,1,19,LD,3,263
NDLS,HWH,1447,1A,6,Superfast,2,30,LD,3,4578
ADI,PNBE,1555,2A,4,Express,1,55,TQ,1,3371
SBC,MAO,687,3A,3,Duronto,3,76,PT,2,1593
PNBE,MMCT,556,1A,6,Rajdhani,4,101,GN,0,2299
HYB,PNBE,1358,1A,6,Duronto,3,6,GN,0,5856
CSMT,NDLS,1384,3A,3,Superfast,2,86,PT,2,2776
MAO,MMCT,580,2A,4,Superfast,2,42,GN,0,1157
MAO,MMCT,580,EC,5,Rajdhani,4,105,TQ,1,2283
CSMT,PNBE,1354,1A,6,Superfast,2,75,PT,2,6242
HYB,MMCT,932,2A,4,Rajdhani,4,59,PT,2,3430
JAT,HYB,546,SL,1,Passenger,0,28,PT,2,272
PNBE,HWH,532,CC,2,Express,1,103,LD,3,438
HYB,MAS,951,CC,2,Express,1,53,TQ,1,1038
MAS,JAT,1018,2A,4,Duronto,3,59,TQ,1,2974
CSMT,NDLS,1384,1A,6,Passenger,0,112,GN,0,3117
MMCT,ADI,608,2A,4,Rajdhani,4,36,PT,2,2253
HWH,MAO,839,CC,2,Express,1,55,LD,3,685
JAT,CNB,1480,CC,2,Passenger,0,38,TQ,1,1266
ADI,JAT,419,3A,3,Duronto,3,50,TQ,1,865
MMCT,NDLS,1384,2S,0,Superfast,2,49,TQ,1,536
ADI,CNB,1164,2S,0,Superfast,2,57,TQ,1,461
HWH,PNBE,532,2S,0,Passenger,0,111,TQ,1,134
CSMT,MAS,1201,1A,6,Express,1,112,PT,2,4862
NDLS,CSMT,1384,EC,5,Passenger,0,63,PT,2,3306
SBC,CSMT,1205,1A,6,Rajdhani,4,80,PT,2,7096
HWH,MAO,1113,3A,3,Rajdhani,4,13,LD,3,2153
